ISO-10303-21;
HEADER;
/* Generated by software containing ST-Developer
 * from STEP Tools, Inc. (www.steptools.com) 
 */

FILE_DESCRIPTION(
/* description */ (''),
/* implementation_level */ '2;1');

FILE_NAME(
/* name */ 'ensamble.stp',
/* time_stamp */ '2026-04-13T13:43:29-04:00',
/* author */ ('MBX'),
/* organization */ (''),
/* preprocessor_version */ 'ST-DEVELOPER v20',
/* originating_system */ 'Autodesk Inventor 2025',
/* authorisation */ '');

FILE_SCHEMA (('AUTOMOTIVE_DESIGN { 1 0 10303 214 3 1 1 }'));
ENDSEC;

DATA;
#10=MECHANICAL_DESIGN_GEOMETRIC_PRESENTATION_REPRESENTATION('',(#101,#102,
#103,#104,#105),#4057);
#11=ITEM_DEFINED_TRANSFORMATION($,$,#2569,#2726);
#12=ITEM_DEFINED_TRANSFORMATION($,$,#2576,#2727);
#13=ITEM_DEFINED_TRANSFORMATION($,$,#2583,#2728);
#14=ITEM_DEFINED_TRANSFORMATION($,$,#2620,#2729);
#15=ITEM_DEFINED_TRANSFORMATION($,$,#2644,#2730);
#16=(
REPRESENTATION_RELATIONSHIP($,$,#4080,#4079)
REPRESENTATION_RELATIONSHIP_WITH_TRANSFORMATION(#11)
SHAPE_REPRESENTATION_RELATIONSHIP()
);
#17=(
REPRESENTATION_RELATIONSHIP($,$,#4081,#4079)
REPRESENTATION_RELATIONSHIP_WITH_TRANSFORMATION(#12)
SHAPE_REPRESENTATION_RELATIONSHIP()
);
#18=(
REPRESENTATION_RELATIONSHIP($,$,#4082,#4079)
REPRESENTATION_RELATIONSHIP_WITH_TRANSFORMATION(#13)
SHAPE_REPRESENTATION_RELATIONSHIP()
);
#19=(
REPRESENTATION_RELATIONSHIP($,$,#4083,#4079)
REPRESENTATION_RELATIONSHIP_WITH_TRANSFORMATION(#14)
SHAPE_REPRESENTATION_RELATIONSHIP()
);
#20=(
REPRESENTATION_RELATIONSHIP($,$,#4084,#4079)
REPRESENTATION_RELATIONSHIP_WITH_TRANSFORMATION(#15)
SHAPE_REPRESENTATION_RELATIONSHIP()
);
#21=CONTEXT_DEPENDENT_SHAPE_REPRESENTATION(#16,#4074);
#22=CONTEXT_DEPENDENT_SHAPE_REPRESENTATION(#17,#4075);
#23=CONTEXT_DEPENDENT_SHAPE_REPRESENTATION(#18,#4076);
#24=CONTEXT_DEPENDENT_SHAPE_REPRESENTATION(#19,#4077);
#25=CONTEXT_DEPENDENT_SHAPE_REPRESENTATION(#20,#4078);
#26=NEXT_ASSEMBLY_USAGE_OCCURRENCE('PCB:1','PCB:1','PCB:1',#4086,#4087,
'PCB:1');
#27=NEXT_ASSEMBLY_USAGE_OCCURRENCE('SMA:1','SMA:1','SMA:1',#4086,#4088,
'SMA:1');
#28=NEXT_ASSEMBLY_USAGE_OCCURRENCE('housingPCB:1','housingPCB:1',
'housingPCB:1',#4086,#4089,'housingPCB:1');
#29=NEXT_ASSEMBLY_USAGE_OCCURRENCE('perfil-housing:1',
'perfil-housing:1','perfil-housing:1',#4086,#4090,'perfil-housing:1');
#30=NEXT_ASSEMBLY_USAGE_OCCURRENCE('viga20x20:1','viga20x20:1',
'viga20x20:1',#4086,#4091,'viga20x20:1');
#31=FACE_BOUND('',#251,.T.);
#32=FACE_BOUND('',#255,.T.);
#33=FACE_BOUND('',#261,.T.);
#34=FACE_BOUND('',#264,.T.);
#35=FACE_BOUND('',#271,.T.);
#36=FACE_BOUND('',#273,.T.);
#37=FACE_BOUND('',#275,.T.);
#38=FACE_BOUND('',#279,.T.);
#39=FACE_BOUND('',#281,.T.);
#40=FACE_BOUND('',#286,.T.);
#41=FACE_BOUND('',#289,.T.);
#42=FACE_BOUND('',#292,.T.);
#43=FACE_BOUND('',#295,.T.);
#44=FACE_BOUND('',#298,.T.);
#45=FACE_BOUND('',#301,.T.);
#46=FACE_BOUND('',#303,.T.);
#47=FACE_BOUND('',#374,.T.);
#48=FACE_BOUND('',#376,.T.);
#49=CIRCLE('',#2585,2.5);
#50=CIRCLE('',#2586,2.5);
#51=CIRCLE('',#2588,2.5);
#52=CIRCLE('',#2589,2.5);
#53=CIRCLE('',#2591,5.);
#54=CIRCLE('',#2592,5.);
#55=CIRCLE('',#2595,2.5);
#56=CIRCLE('',#2596,2.5);
#57=CIRCLE('',#2598,5.);
#58=CIRCLE('',#2599,5.);
#59=CIRCLE('',#2622,2.5);
#60=CIRCLE('',#2623,2.5);
#61=CIRCLE('',#2625,2.5);
#62=CIRCLE('',#2626,2.5);
#63=CIRCLE('',#2628,4.5);
#64=CIRCLE('',#2629,4.5);
#65=CIRCLE('',#2631,2.5);
#66=CIRCLE('',#2633,2.5);
#67=CIRCLE('',#2646,2.1);
#68=CIRCLE('',#2647,2.1);
#69=CIRCLE('',#2655,0.499999999999999);
#70=CIRCLE('',#2656,0.499999999999999);
#71=CIRCLE('',#2674,0.5);
#72=CIRCLE('',#2675,0.5);
#73=CIRCLE('',#2693,0.5);
#74=CIRCLE('',#2694,0.5);
#75=CIRCLE('',#2712,0.499999999999999);
#76=CIRCLE('',#2713,0.499999999999999);
#77=CYLINDRICAL_SURFACE('',#2584,2.5);
#78=CYLINDRICAL_SURFACE('',#2587,2.5);
#79=CYLINDRICAL_SURFACE('',#2590,5.);
#80=CYLINDRICAL_SURFACE('',#2594,2.5);
#81=CYLINDRICAL_SURFACE('',#2597,5.);
#82=CYLINDRICAL_SURFACE('',#2621,2.5);
#83=CYLINDRICAL_SURFACE('',#2624,2.5);
#84=CYLINDRICAL_SURFACE('',#2627,4.5);
#85=CYLINDRICAL_SURFACE('',#2632,2.5);
#86=CYLINDRICAL_SURFACE('',#2645,2.1);
#87=CYLINDRICAL_SURFACE('',#2654,0.499999999999999);
#88=CYLINDRICAL_SURFACE('',#2673,0.5);
#89=CYLINDRICAL_SURFACE('',#2692,0.5);
#90=CYLINDRICAL_SURFACE('',#2711,0.499999999999999);
#91=SHAPE_REPRESENTATION_RELATIONSHIP('SRR','None',#4080,#96);
#92=SHAPE_REPRESENTATION_RELATIONSHIP('SRR','None',#4081,#97);
#93=SHAPE_REPRESENTATION_RELATIONSHIP('SRR','None',#4082,#98);
#94=SHAPE_REPRESENTATION_RELATIONSHIP('SRR','None',#4083,#99);
#95=SHAPE_REPRESENTATION_RELATIONSHIP('SRR','None',#4084,#100);
#96=ADVANCED_BREP_SHAPE_REPRESENTATION('',(#106),#4052);
#97=ADVANCED_BREP_SHAPE_REPRESENTATION('',(#107),#4053);
#98=ADVANCED_BREP_SHAPE_REPRESENTATION('',(#108),#4054);
#99=ADVANCED_BREP_SHAPE_REPRESENTATION('',(#109),#4055);
#100=ADVANCED_BREP_SHAPE_REPRESENTATION('',(#110),#4056);
#101=STYLED_ITEM('',(#2489),#106);
#102=STYLED_ITEM('',(#2490),#107);
#103=STYLED_ITEM('',(#2491),#108);
#104=STYLED_ITEM('',(#2492),#109);
#105=STYLED_ITEM('',(#2493),#110);
#106=MANIFOLD_SOLID_BREP('Solid1',#2425);
#107=MANIFOLD_SOLID_BREP('Solid1',#2426);
#108=MANIFOLD_SOLID_BREP('Solid1',#2427);
#109=MANIFOLD_SOLID_BREP('Solid1',#2428);
#110=MANIFOLD_SOLID_BREP('S\X\F3lido1',#2429);
#111=FACE_OUTER_BOUND('',#235,.T.);
#112=FACE_OUTER_BOUND('',#236,.T.);
#113=FACE_OUTER_BOUND('',#237,.T.);
#114=FACE_OUTER_BOUND('',#238,.T.);
#115=FACE_OUTER_BOUND('',#239,.T.);
#116=FACE_OUTER_BOUND('',#240,.T.);
#117=FACE_OUTER_BOUND('',#241,.T.);
#118=FACE_OUTER_BOUND('',#242,.T.);
#119=FACE_OUTER_BOUND('',#243,.T.);
#120=FACE_OUTER_BOUND('',#244,.T.);
#121=FACE_OUTER_BOUND('',#245,.T.);
#122=FACE_OUTER_BOUND('',#246,.T.);
#123=FACE_OUTER_BOUND('',#247,.T.);
#124=FACE_OUTER_BOUND('',#248,.T.);
#125=FACE_OUTER_BOUND('',#249,.T.);
#126=FACE_OUTER_BOUND('',#250,.T.);
#127=FACE_OUTER_BOUND('',#252,.T.);
#128=FACE_OUTER_BOUND('',#253,.T.);
#129=FACE_OUTER_BOUND('',#254,.T.);
#130=FACE_OUTER_BOUND('',#256,.T.);
#131=FACE_OUTER_BOUND('',#257,.T.);
#132=FACE_OUTER_BOUND('',#258,.T.);
#133=FACE_OUTER_BOUND('',#259,.T.);
#134=FACE_OUTER_BOUND('',#260,.T.);
#135=FACE_OUTER_BOUND('',#262,.T.);
#136=FACE_OUTER_BOUND('',#263,.T.);
#137=FACE_OUTER_BOUND('',#265,.T.);
#138=FACE_OUTER_BOUND('',#266,.T.);
#139=FACE_OUTER_BOUND('',#267,.T.);
#140=FACE_OUTER_BOUND('',#268,.T.);
#141=FACE_OUTER_BOUND('',#269,.T.);
#142=FACE_OUTER_BOUND('',#270,.T.);
#143=FACE_OUTER_BOUND('',#272,.T.);
#144=FACE_OUTER_BOUND('',#274,.T.);
#145=FACE_OUTER_BOUND('',#276,.T.);
#146=FACE_OUTER_BOUND('',#277,.T.);
#147=FACE_OUTER_BOUND('',#278,.T.);
#148=FACE_OUTER_BOUND('',#280,.T.);
#149=FACE_OUTER_BOUND('',#282,.T.);
#150=FACE_OUTER_BOUND('',#283,.T.);
#151=FACE_OUTER_BOUND('',#284,.T.);
#152=FACE_OUTER_BOUND('',#285,.T.);
#153=FACE_OUTER_BOUND('',#287,.T.);
#154=FACE_OUTER_BOUND('',#288,.T.);
#155=FACE_OUTER_BOUND('',#290,.T.);
#156=FACE_OUTER_BOUND('',#291,.T.);
#157=FACE_OUTER_BOUND('',#293,.T.);
#158=FACE_OUTER_BOUND('',#294,.T.);
#159=FACE_OUTER_BOUND('',#296,.T.);
#160=FACE_OUTER_BOUND('',#297,.T.);
#161=FACE_OUTER_BOUND('',#299,.T.);
#162=FACE_OUTER_BOUND('',#300,.T.);
#163=FACE_OUTER_BOUND('',#302,.T.);
#164=FACE_OUTER_BOUND('',#304,.T.);
#165=FACE_OUTER_BOUND('',#305,.T.);
#166=FACE_OUTER_BOUND('',#306,.T.);
#167=FACE_OUTER_BOUND('',#307,.T.);
#168=FACE_OUTER_BOUND('',#308,.T.);
#169=FACE_OUTER_BOUND('',#309,.T.);
#170=FACE_OUTER_BOUND('',#310,.T.);
#171=FACE_OUTER_BOUND('',#311,.T.);
#172=FACE_OUTER_BOUND('',#312,.T.);
#173=FACE_OUTER_BOUND('',#313,.T.);
#174=FACE_OUTER_BOUND('',#314,.T.);
#175=FACE_OUTER_BOUND('',#315,.T.);
#176=FACE_OUTER_BOUND('',#316,.T.);
#177=FACE_OUTER_BOUND('',#317,.T.);
#178=FACE_OUTER_BOUND('',#318,.T.);
#179=FACE_OUTER_BOUND('',#319,.T.);
#180=FACE_OUTER_BOUND('',#320,.T.);
#181=FACE_OUTER_BOUND('',#321,.T.);
#182=FACE_OUTER_BOUND('',#322,.T.);
#183=FACE_OUTER_BOUND('',#323,.T.);
#184=FACE_OUTER_BOUND('',#324,.T.);
#185=FACE_OUTER_BOUND('',#325,.T.);
#186=FACE_OUTER_BOUND('',#326,.T.);
#187=FACE_OUTER_BOUND('',#327,.T.);
#188=FACE_OUTER_BOUND('',#328,.T.);
#189=FACE_OUTER_BOUND('',#329,.T.);
#190=FACE_OUTER_BOUND('',#330,.T.);
#191=FACE_OUTER_BOUND('',#331,.T.);
#192=FACE_OUTER_BOUND('',#332,.T.);
#193=FACE_OUTER_BOUND('',#333,.T.);
#194=FACE_OUTER_BOUND('',#334,.T.);
#195=FACE_OUTER_BOUND('',#335,.T.);
#196=FACE_OUTER_BOUND('',#336,.T.);
#197=FACE_OUTER_BOUND('',#337,.T.);
#198=FACE_OUTER_BOUND('',#338,.T.);
#199=FACE_OUTER_BOUND('',#339,.T.);
#200=FACE_OUTER_BOUND('',#340,.T.);
#201=FACE_OUTER_BOUND('',#341,.T.);
#202=FACE_OUTER_BOUND('',#342,.T.);
#203=FACE_OUTER_BOUND('',#343,.T.);
#204=FACE_OUTER_BOUND('',#344,.T.);
#205=FACE_OUTER_BOUND('',#345,.T.);
#206=FACE_OUTER_BOUND('',#346,.T.);
#207=FACE_OUTER_BOUND('',#347,.T.);
#208=FACE_OUTER_BOUND('',#348,.T.);
#209=FACE_OUTER_BOUND('',#349,.T.);
#210=FACE_OUTER_BOUND('',#350,.T.);
#211=FACE_OUTER_BOUND('',#351,.T.);
#212=FACE_OUTER_BOUND('',#352,.T.);
#213=FACE_OUTER_BOUND('',#353,.T.);
#214=FACE_OUTER_BOUND('',#354,.T.);
#215=FACE_OUTER_BOUND('',#355,.T.);
#216=FACE_OUTER_BOUND('',#356,.T.);
#217=FACE_OUTER_BOUND('',#357,.T.);
#218=FACE_OUTER_BOUND('',#358,.T.);
#219=FACE_OUTER_BOUND('',#359,.T.);
#220=FACE_OUTER_BOUND('',#360,.T.);
#221=FACE_OUTER_BOUND('',#361,.T.);
#222=FACE_OUTER_BOUND('',#362,.T.);
#223=FACE_OUTER_BOUND('',#363,.T.);
#224=FACE_OUTER_BOUND('',#364,.T.);
#225=FACE_OUTER_BOUND('',#365,.T.);
#226=FACE_OUTER_BOUND('',#366,.T.);
#227=FACE_OUTER_BOUND('',#367,.T.);
#228=FACE_OUTER_BOUND('',#368,.T.);
#229=FACE_OUTER_BOUND('',#369,.T.);
#230=FACE_OUTER_BOUND('',#370,.T.);
#231=FACE_OUTER_BOUND('',#371,.T.);
#232=FACE_OUTER_BOUND('',#372,.T.);
#233=FACE_OUTER_BOUND('',#373,.T.);
#234=FACE_OUTER_BOUND('',#375,.T.);
#235=EDGE_LOOP('',(#1531,#1532,#1533,#1534));
#236=EDGE_LOOP('',(#1535,#1536,#1537,#1538));
#237=EDGE_LOOP('',(#1539,#1540,#1541,#1542));
#238=EDGE_LOOP('',(#1543,#1544,#1545,#1546));
#239=EDGE_LOOP('',(#1547,#1548,#1549,#1550));
#240=EDGE_LOOP('',(#1551,#1552,#1553,#1554));
#241=EDGE_LOOP('',(#1555,#1556,#1557,#1558));
#242=EDGE_LOOP('',(#1559,#1560,#1561,#1562));
#243=EDGE_LOOP('',(#1563,#1564,#1565,#1566));
#244=EDGE_LOOP('',(#1567,#1568,#1569,#1570));
#245=EDGE_LOOP('',(#1571,#1572,#1573,#1574));
#246=EDGE_LOOP('',(#1575,#1576,#1577,#1578));
#247=EDGE_LOOP('',(#1579,#1580,#1581,#1582));
#248=EDGE_LOOP('',(#1583,#1584,#1585,#1586));
#249=EDGE_LOOP('',(#1587,#1588,#1589,#1590));
#250=EDGE_LOOP('',(#1591));
#251=EDGE_LOOP('',(#1592));
#252=EDGE_LOOP('',(#1593,#1594,#1595,#1596));
#253=EDGE_LOOP('',(#1597,#1598,#1599,#1600));
#254=EDGE_LOOP('',(#1601));
#255=EDGE_LOOP('',(#1602));
#256=EDGE_LOOP('',(#1603,#1604,#1605,#1606,#1607,#1608,#1609,#1610));
#257=EDGE_LOOP('',(#1611,#1612,#1613,#1614));
#258=EDGE_LOOP('',(#1615,#1616,#1617,#1618));
#259=EDGE_LOOP('',(#1619,#1620,#1621,#1622));
#260=EDGE_LOOP('',(#1623,#1624,#1625,#1626));
#261=EDGE_LOOP('',(#1627,#1628,#1629,#1630));
#262=EDGE_LOOP('',(#1631,#1632,#1633,#1634));
#263=EDGE_LOOP('',(#1635,#1636,#1637,#1638));
#264=EDGE_LOOP('',(#1639));
#265=EDGE_LOOP('',(#1640,#1641,#1642,#1643));
#266=EDGE_LOOP('',(#1644,#1645,#1646,#1647));
#267=EDGE_LOOP('',(#1648,#1649,#1650,#1651));
#268=EDGE_LOOP('',(#1652,#1653,#1654,#1655));
#269=EDGE_LOOP('',(#1656,#1657,#1658,#1659,#1660,#1661,#1662,#1663,#1664,
#1665,#1666,#1667));
#270=EDGE_LOOP('',(#1668,#1669,#1670,#1671));
#271=EDGE_LOOP('',(#1672));
#272=EDGE_LOOP('',(#1673,#1674,#1675,#1676));
#273=EDGE_LOOP('',(#1677));
#274=EDGE_LOOP('',(#1678,#1679,#1680,#1681));
#275=EDGE_LOOP('',(#1682));
#276=EDGE_LOOP('',(#1683,#1684,#1685,#1686,#1687,#1688,#1689,#1690));
#277=EDGE_LOOP('',(#1691,#1692,#1693,#1694));
#278=EDGE_LOOP('',(#1695,#1696,#1697,#1698));
#279=EDGE_LOOP('',(#1699));
#280=EDGE_LOOP('',(#1700,#1701,#1702,#1703));
#281=EDGE_LOOP('',(#1704));
#282=EDGE_LOOP('',(#1705,#1706,#1707,#1708));
#283=EDGE_LOOP('',(#1709,#1710,#1711,#1712));
#284=EDGE_LOOP('',(#1713,#1714,#1715,#1716));
#285=EDGE_LOOP('',(#1717));
#286=EDGE_LOOP('',(#1718));
#287=EDGE_LOOP('',(#1719,#1720,#1721,#1722));
#288=EDGE_LOOP('',(#1723,#1724,#1725,#1726));
#289=EDGE_LOOP('',(#1727));
#290=EDGE_LOOP('',(#1728,#1729,#1730,#1731));
#291=EDGE_LOOP('',(#1732,#1733,#1734,#1735));
#292=EDGE_LOOP('',(#1736));
#293=EDGE_LOOP('',(#1737,#1738,#1739,#1740));
#294=EDGE_LOOP('',(#1741,#1742,#1743,#1744));
#295=EDGE_LOOP('',(#1745));
#296=EDGE_LOOP('',(#1746,#1747,#1748,#1749,#1750,#1751,#1752,#1753));
#297=EDGE_LOOP('',(#1754,#1755,#1756,#1757));
#298=EDGE_LOOP('',(#1758));
#299=EDGE_LOOP('',(#1759,#1760,#1761,#1762,#1763,#1764,#1765,#1766));
#300=EDGE_LOOP('',(#1767,#1768,#1769,#1770));
#301=EDGE_LOOP('',(#1771));
#302=EDGE_LOOP('',(#1772,#1773,#1774,#1775));
#303=EDGE_LOOP('',(#1776));
#304=EDGE_LOOP('',(#1777,#1778,#1779,#1780));
#305=EDGE_LOOP('',(#1781,#1782,#1783,#1784));
#306=EDGE_LOOP('',(#1785,#1786,#1787,#1788));
#307=EDGE_LOOP('',(#1789,#1790,#1791,#1792));
#308=EDGE_LOOP('',(#1793,#1794,#1795,#1796));
#309=EDGE_LOOP('',(#1797,#1798,#1799,#1800));
#310=EDGE_LOOP('',(#1801,#1802,#1803,#1804));
#311=EDGE_LOOP('',(#1805,#1806,#1807,#1808));
#312=EDGE_LOOP('',(#1809,#1810,#1811,#1812));
#313=EDGE_LOOP('',(#1813,#1814,#1815,#1816));
#314=EDGE_LOOP('',(#1817,#1818,#1819,#1820));
#315=EDGE_LOOP('',(#1821,#1822,#1823,#1824));
#316=EDGE_LOOP('',(#1825,#1826,#1827,#1828));
#317=EDGE_LOOP('',(#1829,#1830,#1831,#1832));
#318=EDGE_LOOP('',(#1833,#1834,#1835,#1836));
#319=EDGE_LOOP('',(#1837,#1838,#1839,#1840));
#320=EDGE_LOOP('',(#1841,#1842,#1843,#1844));
#321=EDGE_LOOP('',(#1845,#1846,#1847,#1848));
#322=EDGE_LOOP('',(#1849,#1850,#1851,#1852));
#323=EDGE_LOOP('',(#1853,#1854,#1855,#1856));
#324=EDGE_LOOP('',(#1857,#1858,#1859,#1860));
#325=EDGE_LOOP('',(#1861,#1862,#1863,#1864));
#326=EDGE_LOOP('',(#1865,#1866,#1867,#1868));
#327=EDGE_LOOP('',(#1869,#1870,#1871,#1872));
#328=EDGE_LOOP('',(#1873,#1874,#1875,#1876));
#329=EDGE_LOOP('',(#1877,#1878,#1879,#1880));
#330=EDGE_LOOP('',(#1881,#1882,#1883,#1884));
#331=EDGE_LOOP('',(#1885,#1886,#1887,#1888));
#332=EDGE_LOOP('',(#1889,#1890,#1891,#1892));
#333=EDGE_LOOP('',(#1893,#1894,#1895,#1896));
#334=EDGE_LOOP('',(#1897,#1898,#1899,#1900));
#335=EDGE_LOOP('',(#1901,#1902,#1903,#1904));
#336=EDGE_LOOP('',(#1905,#1906,#1907,#1908));
#337=EDGE_LOOP('',(#1909,#1910,#1911,#1912));
#338=EDGE_LOOP('',(#1913,#1914,#1915,#1916));
#339=EDGE_LOOP('',(#1917,#1918,#1919,#1920));
#340=EDGE_LOOP('',(#1921,#1922,#1923,#1924));
#341=EDGE_LOOP('',(#1925,#1926,#1927,#1928));
#342=EDGE_LOOP('',(#1929,#1930,#1931,#1932));
#343=EDGE_LOOP('',(#1933,#1934,#1935,#1936));
#344=EDGE_LOOP('',(#1937,#1938,#1939,#1940));
#345=EDGE_LOOP('',(#1941,#1942,#1943,#1944));
#346=EDGE_LOOP('',(#1945,#1946,#1947,#1948));
#347=EDGE_LOOP('',(#1949,#1950,#1951,#1952));
#348=EDGE_LOOP('',(#1953,#1954,#1955,#1956));
#349=EDGE_LOOP('',(#1957,#1958,#1959,#1960));
#350=EDGE_LOOP('',(#1961,#1962,#1963,#1964));
#351=EDGE_LOOP('',(#1965,#1966,#1967,#1968));
#352=EDGE_LOOP('',(#1969,#1970,#1971,#1972));
#353=EDGE_LOOP('',(#1973,#1974,#1975,#1976));
#354=EDGE_LOOP('',(#1977,#1978,#1979,#1980));
#355=EDGE_LOOP('',(#1981,#1982,#1983,#1984));
#356=EDGE_LOOP('',(#1985,#1986,#1987,#1988));
#357=EDGE_LOOP('',(#1989,#1990,#1991,#1992));
#358=EDGE_LOOP('',(#1993,#1994,#1995,#1996));
#359=EDGE_LOOP('',(#1997,#1998,#1999,#2000));
#360=EDGE_LOOP('',(#2001,#2002,#2003,#2004));
#361=EDGE_LOOP('',(#2005,#2006,#2007,#2008));
#362=EDGE_LOOP('',(#2009,#2010,#2011,#2012));
#363=EDGE_LOOP('',(#2013,#2014,#2015,#2016));
#364=EDGE_LOOP('',(#2017,#2018,#2019,#2020));
#365=EDGE_LOOP('',(#2021,#2022,#2023,#2024));
#366=EDGE_LOOP('',(#2025,#2026,#2027,#2028));
#367=EDGE_LOOP('',(#2029,#2030,#2031,#2032));
#368=EDGE_LOOP('',(#2033,#2034,#2035,#2036));
#369=EDGE_LOOP('',(#2037,#2038,#2039,#2040));
#370=EDGE_LOOP('',(#2041,#2042,#2043,#2044));
#371=EDGE_LOOP('',(#2045,#2046,#2047,#2048));
#372=EDGE_LOOP('',(#2049,#2050,#2051,#2052));
#373=EDGE_LOOP('',(#2053,#2054,#2055,#2056,#2057,#2058,#2059,#2060,#2061,
#2062,#2063,#2064,#2065,#2066,#2067,#2068,#2069,#2070,#2071,#2072,#2073,
#2074,#2075,#2076,#2077,#2078,#2079,#2080,#2081,#2082,#2083,#2084,#2085,
#2086,#2087,#2088,#2089,#2090,#2091,#2092,#2093,#2094,#2095,#2096,#2097,
#2098,#2099,#2100,#2101,#2102,#2103,#2104,#2105,#2106,#2107,#2108,#2109,
#2110,#2111,#2112,#2113,#2114,#2115,#2116,#2117,#2118,#2119,#2120));
#374=EDGE_LOOP('',(#2121));
#375=EDGE_LOOP('',(#2122,#2123,#2124,#2125,#2126,#2127,#2128,#2129,#2130,
#2131,#2132,#2133,#2134,#2135,#2136,#2137,#2138,#2139,#2140,#2141,#2142,
#2143,#2144,#2145,#2146,#2147,#2148,#2149,#2150,#2151,#2152,#2153,#2154,
#2155,#2156,#2157,#2158,#2159,#2160,#2161,#2162,#2163,#2164,#2165,#2166,
#2167,#2168,#2169,#2170,#2171,#2172,#2173,#2174,#2175,#2176,#2177,#2178,
#2179,#2180,#2181,#2182,#2183,#2184,#2185,#2186,#2187,#2188,#2189));
#376=EDGE_LOOP('',(#2190));
#377=LINE('',#3364,#679);
#378=LINE('',#3366,#680);
#379=LINE('',#3368,#681);
#380=LINE('',#3369,#682);
#381=LINE('',#3372,#683);
#382=LINE('',#3374,#684);
#383=LINE('',#3375,#685);
#384=LINE('',#3378,#686);
#385=LINE('',#3380,#687);
#386=LINE('',#3381,#688);
#387=LINE('',#3383,#689);
#388=LINE('',#3384,#690);
#389=LINE('',#3391,#691);
#390=LINE('',#3393,#692);
#391=LINE('',#3395,#693);
#392=LINE('',#3396,#694);
#393=LINE('',#3399,#695);
#394=LINE('',#3401,#696);
#395=LINE('',#3402,#697);
#396=LINE('',#3405,#698);
#397=LINE('',#3407,#699);
#398=LINE('',#3408,#700);
#399=LINE('',#3410,#701);
#400=LINE('',#3411,#702);
#401=LINE('',#3419,#703);
#402=LINE('',#3425,#704);
#403=LINE('',#3431,#705);
#404=LINE('',#3438,#706);
#405=LINE('',#3444,#707);
#406=LINE('',#3450,#708);
#407=LINE('',#3452,#709);
#408=LINE('',#3454,#710);
#409=LINE('',#3456,#711);
#410=LINE('',#3458,#712);
#411=LINE('',#3460,#713);
#412=LINE('',#3462,#714);
#413=LINE('',#3463,#715);
#414=LINE('',#3467,#716);
#415=LINE('',#3468,#717);
#416=LINE('',#3469,#718);
#417=LINE('',#3472,#719);
#418=LINE('',#3473,#720);
#419=LINE('',#3476,#721);
#420=LINE('',#3477,#722);
#421=LINE('',#3479,#723);
#422=LINE('',#3482,#724);
#423=LINE('',#3484,#725);
#424=LINE('',#3486,#726);
#425=LINE('',#3487,#727);
#426=LINE('',#3490,#728);
#427=LINE('',#3492,#729);
#428=LINE('',#3493,#730);
#429=LINE('',#3496,#731);
#430=LINE('',#3498,#732);
#431=LINE('',#3499,#733);
#432=LINE('',#3502,#734);
#433=LINE('',#3503,#735);
#434=LINE('',#3506,#736);
#435=LINE('',#3507,#737);
#436=LINE('',#3510,#738);
#437=LINE('',#3511,#739);
#438=LINE('',#3513,#740);
#439=LINE('',#3516,#741);
#440=LINE('',#3518,#742);
#441=LINE('',#3520,#743);
#442=LINE('',#3522,#744);
#443=LINE('',#3524,#745);
#444=LINE('',#3525,#746);
#445=LINE('',#3529,#747);
#446=LINE('',#3531,#748);
#447=LINE('',#3532,#749);
#448=LINE('',#3534,#750);
#449=LINE('',#3537,#751);
#450=LINE('',#3538,#752);
#451=LINE('',#3541,#753);
#452=LINE('',#3542,#754);
#453=LINE('',#3544,#755);
#454=LINE('',#3551,#756);
#455=LINE('',#3557,#757);
#456=LINE('',#3563,#758);
#457=LINE('',#3571,#759);
#458=LINE('',#3575,#760);
#459=LINE('',#3577,#761);
#460=LINE('',#3579,#762);
#461=LINE('',#3580,#763);
#462=LINE('',#3583,#764);
#463=LINE('',#3585,#765);
#464=LINE('',#3586,#766);
#465=LINE('',#3590,#767);
#466=LINE('',#3592,#768);
#467=LINE('',#3594,#769);
#468=LINE('',#3595,#770);
#469=LINE('',#3598,#771);
#470=LINE('',#3600,#772);
#471=LINE('',#3601,#773);
#472=LINE('',#3603,#774);
#473=LINE('',#3604,#775);
#474=LINE('',#3608,#776);
#475=LINE('',#3609,#777);
#476=LINE('',#3610,#778);
#477=LINE('',#3613,#779);
#478=LINE('',#3614,#780);
#479=LINE('',#3617,#781);
#480=LINE('',#3618,#782);
#481=LINE('',#3620,#783);
#482=LINE('',#3627,#784);
#483=LINE('',#3632,#785);
#484=LINE('',#3634,#786);
#485=LINE('',#3636,#787);
#486=LINE('',#3637,#788);
#487=LINE('',#3640,#789);
#488=LINE('',#3642,#790);
#489=LINE('',#3643,#791);
#490=LINE('',#3646,#792);
#491=LINE('',#3648,#793);
#492=LINE('',#3649,#794);
#493=LINE('',#3652,#795);
#494=LINE('',#3654,#796);
#495=LINE('',#3655,#797);
#496=LINE('',#3658,#798);
#497=LINE('',#3660,#799);
#498=LINE('',#3661,#800);
#499=LINE('',#3664,#801);
#500=LINE('',#3666,#802);
#501=LINE('',#3667,#803);
#502=LINE('',#3673,#804);
#503=LINE('',#3676,#805);
#504=LINE('',#3678,#806);
#505=LINE('',#3679,#807);
#506=LINE('',#3682,#808);
#507=LINE('',#3684,#809);
#508=LINE('',#3685,#810);
#509=LINE('',#3688,#811);
#510=LINE('',#3690,#812);
#511=LINE('',#3691,#813);
#512=LINE('',#3694,#814);
#513=LINE('',#3696,#815);
#514=LINE('',#3697,#816);
#515=LINE('',#3700,#817);
#516=LINE('',#3702,#818);
#517=LINE('',#3703,#819);
#518=LINE('',#3706,#820);
#519=LINE('',#3708,#821);
#520=LINE('',#3709,#822);
#521=LINE('',#3712,#823);
#522=LINE('',#3714,#824);
#523=LINE('',#3715,#825);
#524=LINE('',#3718,#826);
#525=LINE('',#3720,#827);
#526=LINE('',#3721,#828);
#527=LINE('',#3724,#829);
#528=LINE('',#3726,#830);
#529=LINE('',#3727,#831);
#530=LINE('',#3730,#832);
#531=LINE('',#3732,#833);
#532=LINE('',#3733,#834);
#533=LINE('',#3736,#835);
#534=LINE('',#3738,#836);
#535=LINE('',#3739,#837);
#536=LINE('',#3742,#838);
#537=LINE('',#3744,#839);
#538=LINE('',#3745,#840);
#539=LINE('',#3748,#841);
#540=LINE('',#3750,#842);
#541=LINE('',#3751,#843);
#542=LINE('',#3754,#844);
#543=LINE('',#3756,#845);
#544=LINE('',#3757,#846);
#545=LINE('',#3760,#847);
#546=LINE('',#3762,#848);
#547=LINE('',#3763,#849);
#548=LINE('',#3766,#850);
#549=LINE('',#3768,#851);
#550=LINE('',#3769,#852);
#551=LINE('',#3775,#853);
#552=LINE('',#3778,#854);
#553=LINE('',#3780,#855);
#554=LINE('',#3781,#856);
#555=LINE('',#3784,#857);
#556=LINE('',#3786,#858);
#557=LINE('',#3787,#859);
#558=LINE('',#3790,#860);
#559=LINE('',#3792,#861);
#560=LINE('',#3793,#862);
#561=LINE('',#3796,#863);
#562=LINE('',#3798,#864);
#563=LINE('',#3799,#865);
#564=LINE('',#3802,#866);
#565=LINE('',#3804,#867);
#566=LINE('',#3805,#868);
#567=LINE('',#3808,#869);
#568=LINE('',#3810,#870);
#569=LINE('',#3811,#871);
#570=LINE('',#3814,#872);
#571=LINE('',#3816,#873);
#572=LINE('',#3817,#874);
#573=LINE('',#3820,#875);
#574=LINE('',#3822,#876);
#575=LINE('',#3823,#877);
#576=LINE('',#3826,#878);
#577=LINE('',#3828,#879);
#578=LINE('',#3829,#880);
#579=LINE('',#3832,#881);
#580=LINE('',#3834,#882);
#581=LINE('',#3835,#883);
#582=LINE('',#3838,#884);
#583=LINE('',#3840,#885);
#584=LINE('',#3841,#886);
#585=LINE('',#3844,#887);
#586=LINE('',#3846,#888);
#587=LINE('',#3847,#889);
#588=LINE('',#3850,#890);
#589=LINE('',#3852,#891);
#590=LINE('',#3853,#892);
#591=LINE('',#3856,#893);
#592=LINE('',#3858,#894);
#593=LINE('',#3859,#895);
#594=LINE('',#3862,#896);
#595=LINE('',#3864,#897);
#596=LINE('',#3865,#898);
#597=LINE('',#3868,#899);
#598=LINE('',#3870,#900);
#599=LINE('',#3871,#901);
#600=LINE('',#3877,#902);
#601=LINE('',#3880,#903);
#602=LINE('',#3882,#904);
#603=LINE('',#3883,#905);
#604=LINE('',#3886,#906);
#605=LINE('',#3888,#907);
#606=LINE('',#3889,#908);
#607=LINE('',#3892,#909);
#608=LINE('',#3894,#910);
#609=LINE('',#3895,#911);
#610=LINE('',#3898,#912);
#611=LINE('',#3900,#913);
#612=LINE('',#3901,#914);
#613=LINE('',#3904,#915);
#614=LINE('',#3906,#916);
#615=LINE('',#3907,#917);
#616=LINE('',#3910,#918);
#617=LINE('',#3912,#919);
#618=LINE('',#3913,#920);
#619=LINE('',#3916,#921);
#620=LINE('',#3918,#922);
#621=LINE('',#3919,#923);
#622=LINE('',#3922,#924);
#623=LINE('',#3924,#925);
#624=LINE('',#3925,#926);
#625=LINE('',#3928,#927);
#626=LINE('',#3930,#928);
#627=LINE('',#3931,#929);
#628=LINE('',#3934,#930);
#629=LINE('',#3936,#931);
#630=LINE('',#3937,#932);
#631=LINE('',#3940,#933);
#632=LINE('',#3942,#934);
#633=LINE('',#3943,#935);
#634=LINE('',#3946,#936);
#635=LINE('',#3948,#937);
#636=LINE('',#3949,#938);
#637=LINE('',#3952,#939);
#638=LINE('',#3954,#940);
#639=LINE('',#3955,#941);
#640=LINE('',#3958,#942);
#641=LINE('',#3960,#943);
#642=LINE('',#3961,#944);
#643=LINE('',#3964,#945);
#644=LINE('',#3966,#946);
#645=LINE('',#3967,#947);
#646=LINE('',#3970,#948);
#647=LINE('',#3972,#949);
#648=LINE('',#3973,#950);
#649=LINE('',#3979,#951);
#650=LINE('',#3982,#952);
#651=LINE('',#3984,#953);
#652=LINE('',#3985,#954);
#653=LINE('',#3988,#955);
#654=LINE('',#3990,#956);
#655=LINE('',#3991,#957);
#656=LINE('',#3994,#958);
#657=LINE('',#3996,#959);
#658=LINE('',#3997,#960);
#659=LINE('',#4000,#961);
#660=LINE('',#4002,#962);
#661=LINE('',#4003,#963);
#662=LINE('',#4006,#964);
#663=LINE('',#4008,#965);
#664=LINE('',#4009,#966);
#665=LINE('',#4012,#967);
#666=LINE('',#4014,#968);
#667=LINE('',#4015,#969);
#668=LINE('',#4018,#970);
#669=LINE('',#4020,#971);
#670=LINE('',#4021,#972);
#671=LINE('',#4024,#973);
#672=LINE('',#4026,#974);
#673=LINE('',#4027,#975);
#674=LINE('',#4030,#976);
#675=LINE('',#4032,#977);
#676=LINE('',#4033,#978);
#677=LINE('',#4035,#979);
#678=LINE('',#4036,#980);
#679=VECTOR('',#2737,10.);
#680=VECTOR('',#2738,10.);
#681=VECTOR('',#2739,10.);
#682=VECTOR('',#2740,10.);
#683=VECTOR('',#2743,10.);
#684=VECTOR('',#2744,10.);
#685=VECTOR('',#2745,10.);
#686=VECTOR('',#2748,10.);
#687=VECTOR('',#2749,10.);
#688=VECTOR('',#2750,10.);
#689=VECTOR('',#2753,10.);
#690=VECTOR('',#2754,10.);
#691=VECTOR('',#2763,10.);
#692=VECTOR('',#2764,10.);
#693=VECTOR('',#2765,10.);
#694=VECTOR('',#2766,10.);
#695=VECTOR('',#2769,10.);
#696=VECTOR('',#2770,10.);
#697=VECTOR('',#2771,10.);
#698=VECTOR('',#2774,10.);
#699=VECTOR('',#2775,10.);
#700=VECTOR('',#2776,10.);
#701=VECTOR('',#2779,10.);
#702=VECTOR('',#2780,10.);
#703=VECTOR('',#2791,2.5);
#704=VECTOR('',#2798,2.5);
#705=VECTOR('',#2805,5.);
#706=VECTOR('',#2814,2.5);
#707=VECTOR('',#2821,5.);
#708=VECTOR('',#2828,10.);
#709=VECTOR('',#2829,10.);
#710=VECTOR('',#2830,10.);
#711=VECTOR('',#2831,10.);
#712=VECTOR('',#2832,10.);
#713=VECTOR('',#2833,10.);
#714=VECTOR('',#2834,10.);
#715=VECTOR('',#2835,10.);
#716=VECTOR('',#2838,10.);
#717=VECTOR('',#2839,10.);
#718=VECTOR('',#2840,10.);
#719=VECTOR('',#2843,10.);
#720=VECTOR('',#2844,10.);
#721=VECTOR('',#2847,10.);
#722=VECTOR('',#2848,10.);
#723=VECTOR('',#2851,10.);
#724=VECTOR('',#2852,10.);
#725=VECTOR('',#2853,10.);
#726=VECTOR('',#2854,10.);
#727=VECTOR('',#2855,10.);
#728=VECTOR('',#2858,10.);
#729=VECTOR('',#2859,10.);
#730=VECTOR('',#2860,10.);
#731=VECTOR('',#2863,10.);
#732=VECTOR('',#2864,10.);
#733=VECTOR('',#2865,10.);
#734=VECTOR('',#2868,10.);
#735=VECTOR('',#2869,10.);
#736=VECTOR('',#2872,10.);
#737=VECTOR('',#2873,10.);
#738=VECTOR('',#2876,10.);
#739=VECTOR('',#2877,10.);
#740=VECTOR('',#2880,10.);
#741=VECTOR('',#2883,10.);
#742=VECTOR('',#2884,10.);
#743=VECTOR('',#2885,10.);
#744=VECTOR('',#2886,10.);
#745=VECTOR('',#2887,10.);
#746=VECTOR('',#2888,10.);
#747=VECTOR('',#2893,10.);
#748=VECTOR('',#2894,10.);
#749=VECTOR('',#2895,10.);
#750=VECTOR('',#2898,10.);
#751=VECTOR('',#2901,10.);
#752=VECTOR('',#2902,10.);
#753=VECTOR('',#2905,10.);
#754=VECTOR('',#2906,10.);
#755=VECTOR('',#2909,10.);
#756=VECTOR('',#2918,2.5);
#757=VECTOR('',#2925,2.5);
#758=VECTOR('',#2932,4.5);
#759=VECTOR('',#2943,2.5);
#760=VECTOR('',#2946,10.);
#761=VECTOR('',#2947,10.);
#762=VECTOR('',#2948,10.);
#763=VECTOR('',#2949,10.);
#764=VECTOR('',#2952,10.);
#765=VECTOR('',#2953,10.);
#766=VECTOR('',#2954,10.);
#767=VECTOR('',#2957,10.);
#768=VECTOR('',#2958,10.);
#769=VECTOR('',#2959,10.);
#770=VECTOR('',#2960,10.);
#771=VECTOR('',#2963,10.);
#772=VECTOR('',#2964,10.);
#773=VECTOR('',#2965,10.);
#774=VECTOR('',#2968,10.);
#775=VECTOR('',#2969,10.);
#776=VECTOR('',#2972,10.);
#777=VECTOR('',#2973,10.);
#778=VECTOR('',#2974,10.);
#779=VECTOR('',#2977,10.);
#780=VECTOR('',#2978,10.);
#781=VECTOR('',#2981,10.);
#782=VECTOR('',#2982,10.);
#783=VECTOR('',#2985,10.);
#784=VECTOR('',#2994,2.1);
#785=VECTOR('',#2999,10.);
#786=VECTOR('',#3000,10.);
#787=VECTOR('',#3001,10.);
#788=VECTOR('',#3002,10.);
#789=VECTOR('',#3005,10.);
#790=VECTOR('',#3006,10.);
#791=VECTOR('',#3007,10.);
#792=VECTOR('',#3010,10.);
#793=VECTOR('',#3011,10.);
#794=VECTOR('',#3012,10.);
#795=VECTOR('',#3015,10.);
#796=VECTOR('',#3016,10.);
#797=VECTOR('',#3017,10.);
#798=VECTOR('',#3020,10.);
#799=VECTOR('',#3021,10.);
#800=VECTOR('',#3022,10.);
#801=VECTOR('',#3025,10.);
#802=VECTOR('',#3026,10.);
#803=VECTOR('',#3027,10.);
#804=VECTOR('',#3034,10.);
#805=VECTOR('',#3037,10.);
#806=VECTOR('',#3038,10.);
#807=VECTOR('',#3039,10.);
#808=VECTOR('',#3042,10.);
#809=VECTOR('',#3043,10.);
#810=VECTOR('',#3044,10.);
#811=VECTOR('',#3047,10.);
#812=VECTOR('',#3048,10.);
#813=VECTOR('',#3049,10.);
#814=VECTOR('',#3052,10.);
#815=VECTOR('',#3053,10.);
#816=VECTOR('',#3054,10.);
#817=VECTOR('',#3057,10.);
#818=VECTOR('',#3058,10.);
#819=VECTOR('',#3059,10.);
#820=VECTOR('',#3062,10.);
#821=VECTOR('',#3063,10.);
#822=VECTOR('',#3064,10.);
#823=VECTOR('',#3067,10.);
#824=VECTOR('',#3068,10.);
#825=VECTOR('',#3069,10.);
#826=VECTOR('',#3072,10.);
#827=VECTOR('',#3073,10.);
#828=VECTOR('',#3074,10.);
#829=VECTOR('',#3077,10.);
#830=VECTOR('',#3078,10.);
#831=VECTOR('',#3079,10.);
#832=VECTOR('',#3082,10.);
#833=VECTOR('',#3083,10.);
#834=VECTOR('',#3084,10.);
#835=VECTOR('',#3087,10.);
#836=VECTOR('',#3088,10.);
#837=VECTOR('',#3089,10.);
#838=VECTOR('',#3092,10.);
#839=VECTOR('',#3093,10.);
#840=VECTOR('',#3094,10.);
#841=VECTOR('',#3097,10.);
#842=VECTOR('',#3098,10.);
#843=VECTOR('',#3099,10.);
#844=VECTOR('',#3102,10.);
#845=VECTOR('',#3103,10.);
#846=VECTOR('',#3104,10.);
#847=VECTOR('',#3107,10.);
#848=VECTOR('',#3108,10.);
#849=VECTOR('',#3109,10.);
#850=VECTOR('',#3112,10.);
#851=VECTOR('',#3113,10.);
#852=VECTOR('',#3114,10.);
#853=VECTOR('',#3121,10.);
#854=VECTOR('',#3124,10.);
#855=VECTOR('',#3125,10.);
#856=VECTOR('',#3126,10.);
#857=VECTOR('',#3129,10.);
#858=VECTOR('',#3130,10.);
#859=VECTOR('',#3131,10.);
#860=VECTOR('',#3134,10.);
#861=VECTOR('',#3135,10.);
#862=VECTOR('',#3136,10.);
#863=VECTOR('',#3139,10.);
#864=VECTOR('',#3140,10.);
#865=VECTOR('',#3141,10.);
#866=VECTOR('',#3144,10.);
#867=VECTOR('',#3145,10.);
#868=VECTOR('',#3146,10.);
#869=VECTOR('',#3149,10.);
#870=VECTOR('',#3150,10.);
#871=VECTOR('',#3151,10.);
#872=VECTOR('',#3154,10.);
#873=VECTOR('',#3155,10.);
#874=VECTOR('',#3156,10.);
#875=VECTOR('',#3159,10.);
#876=VECTOR('',#3160,10.);
#877=VECTOR('',#3161,10.);
#878=VECTOR('',#3164,10.);
#879=VECTOR('',#3165,10.);
#880=VECTOR('',#3166,10.);
#881=VECTOR('',#3169,10.);
#882=VECTOR('',#3170,10.);
#883=VECTOR('',#3171,10.);
#884=VECTOR('',#3174,10.);
#885=VECTOR('',#3175,10.);
#886=VECTOR('',#3176,10.);
#887=VECTOR('',#3179,10.);
#888=VECTOR('',#3180,10.);
#889=VECTOR('',#3181,10.);
#890=VECTOR('',#3184,10.);
#891=VECTOR('',#3185,10.);
#892=VECTOR('',#3186,10.);
#893=VECTOR('',#3189,10.);
#894=VECTOR('',#3190,10.);
#895=VECTOR('',#3191,10.);
#896=VECTOR('',#3194,10.);
#897=VECTOR('',#3195,10.);
#898=VECTOR('',#3196,10.);
#899=VECTOR('',#3199,10.);
#900=VECTOR('',#3200,10.);
#901=VECTOR('',#3201,10.);
#902=VECTOR('',#3208,10.);
#903=VECTOR('',#3211,10.);
#904=VECTOR('',#3212,10.);
#905=VECTOR('',#3213,10.);
#906=VECTOR('',#3216,10.);
#907=VECTOR('',#3217,10.);
#908=VECTOR('',#3218,10.);
#909=VECTOR('',#3221,10.);
#910=VECTOR('',#3222,10.);
#911=VECTOR('',#3223,10.);
#912=VECTOR('',#3226,10.);
#913=VECTOR('',#3227,10.);
#914=VECTOR('',#3228,10.);
#915=VECTOR('',#3231,10.);
#916=VECTOR('',#3232,10.);
#917=VECTOR('',#3233,10.);
#918=VECTOR('',#3236,10.);
#919=VECTOR('',#3237,10.);
#920=VECTOR('',#3238,10.);
#921=VECTOR('',#3241,10.);
#922=VECTOR('',#3242,10.);
#923=VECTOR('',#3243,10.);
#924=VECTOR('',#3246,10.);
#925=VECTOR('',#3247,10.);
#926=VECTOR('',#3248,10.);
#927=VECTOR('',#3251,10.);
#928=VECTOR('',#3252,10.);
#929=VECTOR('',#3253,10.);
#930=VECTOR('',#3256,10.);
#931=VECTOR('',#3257,10.);
#932=VECTOR('',#3258,10.);
#933=VECTOR('',#3261,10.);
#934=VECTOR('',#3262,10.);
#935=VECTOR('',#3263,10.);
#936=VECTOR('',#3266,10.);
#937=VECTOR('',#3267,10.);
#938=VECTOR('',#3268,10.);
#939=VECTOR('',#3271,10.);
#940=VECTOR('',#3272,10.);
#941=VECTOR('',#3273,10.);
#942=VECTOR('',#3276,10.);
#943=VECTOR('',#3277,10.);
#944=VECTOR('',#3278,10.);
#945=VECTOR('',#3281,10.);
#946=VECTOR('',#3282,10.);
#947=VECTOR('',#3283,10.);
#948=VECTOR('',#3286,10.);
#949=VECTOR('',#3287,10.);
#950=VECTOR('',#3288,10.);
#951=VECTOR('',#3295,10.);
#952=VECTOR('',#3298,10.);
#953=VECTOR('',#3299,10.);
#954=VECTOR('',#3300,10.);
#955=VECTOR('',#3303,10.);
#956=VECTOR('',#3304,10.);
#957=VECTOR('',#3305,10.);
#958=VECTOR('',#3308,10.);
#959=VECTOR('',#3309,10.);
#960=VECTOR('',#3310,10.);
#961=VECTOR('',#3313,10.);
#962=VECTOR('',#3314,10.);
#963=VECTOR('',#3315,10.);
#964=VECTOR('',#3318,10.);
#965=VECTOR('',#3319,10.);
#966=VECTOR('',#3320,10.);
#967=VECTOR('',#3323,10.);
#968=VECTOR('',#3324,10.);
#969=VECTOR('',#3325,10.);
#970=VECTOR('',#3328,10.);
#971=VECTOR('',#3329,10.);
#972=VECTOR('',#3330,10.);
#973=VECTOR('',#3333,10.);
#974=VECTOR('',#3334,10.);
#975=VECTOR('',#3335,10.);
#976=VECTOR('',#3338,10.);
#977=VECTOR('',#3339,10.);
#978=VECTOR('',#3340,10.);
#979=VECTOR('',#3343,10.);
#980=VECTOR('',#3344,10.);
#981=VERTEX_POINT('',#3362);
#982=VERTEX_POINT('',#3363);
#983=VERTEX_POINT('',#3365);
#984=VERTEX_POINT('',#3367);
#985=VERTEX_POINT('',#3371);
#986=VERTEX_POINT('',#3373);
#987=VERTEX_POINT('',#3377);
#988=VERTEX_POINT('',#3379);
#989=VERTEX_POINT('',#3389);
#990=VERTEX_POINT('',#3390);
#991=VERTEX_POINT('',#3392);
#992=VERTEX_POINT('',#3394);
#993=VERTEX_POINT('',#3398);
#994=VERTEX_POINT('',#3400);
#995=VERTEX_POINT('',#3404);
#996=VERTEX_POINT('',#3406);
#997=VERTEX_POINT('',#3416);
#998=VERTEX_POINT('',#3418);
#999=VERTEX_POINT('',#3422);
#1000=VERTEX_POINT('',#3424);
#1001=VERTEX_POINT('',#3428);
#1002=VERTEX_POINT('',#3430);
#1003=VERTEX_POINT('',#3435);
#1004=VERTEX_POINT('',#3437);
#1005=VERTEX_POINT('',#3441);
#1006=VERTEX_POINT('',#3443);
#1007=VERTEX_POINT('',#3448);
#1008=VERTEX_POINT('',#3449);
#1009=VERTEX_POINT('',#3451);
#1010=VERTEX_POINT('',#3453);
#1011=VERTEX_POINT('',#3455);
#1012=VERTEX_POINT('',#3457);
#1013=VERTEX_POINT('',#3459);
#1014=VERTEX_POINT('',#3461);
#1015=VERTEX_POINT('',#3465);
#1016=VERTEX_POINT('',#3466);
#1017=VERTEX_POINT('',#3471);
#1018=VERTEX_POINT('',#3475);
#1019=VERTEX_POINT('',#3480);
#1020=VERTEX_POINT('',#3481);
#1021=VERTEX_POINT('',#3483);
#1022=VERTEX_POINT('',#3485);
#1023=VERTEX_POINT('',#3489);
#1024=VERTEX_POINT('',#3491);
#1025=VERTEX_POINT('',#3495);
#1026=VERTEX_POINT('',#3497);
#1027=VERTEX_POINT('',#3501);
#1028=VERTEX_POINT('',#3505);
#1029=VERTEX_POINT('',#3509);
#1030=VERTEX_POINT('',#3515);
#1031=VERTEX_POINT('',#3517);
#1032=VERTEX_POINT('',#3519);
#1033=VERTEX_POINT('',#3521);
#1034=VERTEX_POINT('',#3523);
#1035=VERTEX_POINT('',#3528);
#1036=VERTEX_POINT('',#3530);
#1037=VERTEX_POINT('',#3536);
#1038=VERTEX_POINT('',#3540);
#1039=VERTEX_POINT('',#3548);
#1040=VERTEX_POINT('',#3550);
#1041=VERTEX_POINT('',#3554);
#1042=VERTEX_POINT('',#3556);
#1043=VERTEX_POINT('',#3560);
#1044=VERTEX_POINT('',#3562);
#1045=VERTEX_POINT('',#3566);
#1046=VERTEX_POINT('',#3569);
#1047=VERTEX_POINT('',#3573);
#1048=VERTEX_POINT('',#3574);
#1049=VERTEX_POINT('',#3576);
#1050=VERTEX_POINT('',#3578);
#1051=VERTEX_POINT('',#3582);
#1052=VERTEX_POINT('',#3584);
#1053=VERTEX_POINT('',#3588);
#1054=VERTEX_POINT('',#3589);
#1055=VERTEX_POINT('',#3591);
#1056=VERTEX_POINT('',#3593);
#1057=VERTEX_POINT('',#3597);
#1058=VERTEX_POINT('',#3599);
#1059=VERTEX_POINT('',#3606);
#1060=VERTEX_POINT('',#3607);
#1061=VERTEX_POINT('',#3612);
#1062=VERTEX_POINT('',#3616);
#1063=VERTEX_POINT('',#3624);
#1064=VERTEX_POINT('',#3626);
#1065=VERTEX_POINT('',#3630);
#1066=VERTEX_POINT('',#3631);
#1067=VERTEX_POINT('',#3633);
#1068=VERTEX_POINT('',#3635);
#1069=VERTEX_POINT('',#3639);
#1070=VERTEX_POINT('',#3641);
#1071=VERTEX_POINT('',#3645);
#1072=VERTEX_POINT('',#3647);
#1073=VERTEX_POINT('',#3651);
#1074=VERTEX_POINT('',#3653);
#1075=VERTEX_POINT('',#3657);
#1076=VERTEX_POINT('',#3659);
#1077=VERTEX_POINT('',#3663);
#1078=VERTEX_POINT('',#3665);
#1079=VERTEX_POINT('',#3669);
#1080=VERTEX_POINT('',#3671);
#1081=VERTEX_POINT('',#3675);
#1082=VERTEX_POINT('',#3677);
#1083=VERTEX_POINT('',#3681);
#1084=VERTEX_POINT('',#3683);
#1085=VERTEX_POINT('',#3687);
#1086=VERTEX_POINT('',#3689);
#1087=VERTEX_POINT('',#3693);
#1088=VERTEX_POINT('',#3695);
#1089=VERTEX_POINT('',#3699);
#1090=VERTEX_POINT('',#3701);
#1091=VERTEX_POINT('',#3705);
#1092=VERTEX_POINT('',#3707);
#1093=VERTEX_POINT('',#3711);
#1094=VERTEX_POINT('',#3713);
#1095=VERTEX_POINT('',#3717);
#1096=VERTEX_POINT('',#3719);
#1097=VERTEX_POINT('',#3723);
#1098=VERTEX_POINT('',#3725);
#1099=VERTEX_POINT('',#3729);
#1100=VERTEX_POINT('',#3731);
#1101=VERTEX_POINT('',#3735);
#1102=VERTEX_POINT('',#3737);
#1103=VERTEX_POINT('',#3741);
#1104=VERTEX_POINT('',#3743);
#1105=VERTEX_POINT('',#3747);
#1106=VERTEX_POINT('',#3749);
#1107=VERTEX_POINT('',#3753);
#1108=VERTEX_POINT('',#3755);
#1109=VERTEX_POINT('',#3759);
#1110=VERTEX_POINT('',#3761);
#1111=VERTEX_POINT('',#3765);
#1112=VERTEX_POINT('',#3767);
#1113=VERTEX_POINT('',#3771);
#1114=VERTEX_POINT('',#3773);
#1115=VERTEX_POINT('',#3777);
#1116=VERTEX_POINT('',#3779);
#1117=VERTEX_POINT('',#3783);
#1118=VERTEX_POINT('',#3785);
#1119=VERTEX_POINT('',#3789);
#1120=VERTEX_POINT('',#3791);
#1121=VERTEX_POINT('',#3795);
#1122=VERTEX_POINT('',#3797);
#1123=VERTEX_POINT('',#3801);
#1124=VERTEX_POINT('',#3803);
#1125=VERTEX_POINT('',#3807);
#1126=VERTEX_POINT('',#3809);
#1127=VERTEX_POINT('',#3813);
#1128=VERTEX_POINT('',#3815);
#1129=VERTEX_POINT('',#3819);
#1130=VERTEX_POINT('',#3821);
#1131=VERTEX_POINT('',#3825);
#1132=VERTEX_POINT('',#3827);
#1133=VERTEX_POINT('',#3831);
#1134=VERTEX_POINT('',#3833);
#1135=VERTEX_POINT('',#3837);
#1136=VERTEX_POINT('',#3839);
#1137=VERTEX_POINT('',#3843);
#1138=VERTEX_POINT('',#3845);
#1139=VERTEX_POINT('',#3849);
#1140=VERTEX_POINT('',#3851);
#1141=VERTEX_POINT('',#3855);
#1142=VERTEX_POINT('',#3857);
#1143=VERTEX_POINT('',#3861);
#1144=VERTEX_POINT('',#3863);
#1145=VERTEX_POINT('',#3867);
#1146=VERTEX_POINT('',#3869);
#1147=VERTEX_POINT('',#3873);
#1148=VERTEX_POINT('',#3875);
#1149=VERTEX_POINT('',#3879);
#1150=VERTEX_POINT('',#3881);
#1151=VERTEX_POINT('',#3885);
#1152=VERTEX_POINT('',#3887);
#1153=VERTEX_POINT('',#3891);
#1154=VERTEX_POINT('',#3893);
#1155=VERTEX_POINT('',#3897);
#1156=VERTEX_POINT('',#3899);
#1157=VERTEX_POINT('',#3903);
#1158=VERTEX_POINT('',#3905);
#1159=VERTEX_POINT('',#3909);
#1160=VERTEX_POINT('',#3911);
#1161=VERTEX_POINT('',#3915);
#1162=VERTEX_POINT('',#3917);
#1163=VERTEX_POINT('',#3921);
#1164=VERTEX_POINT('',#3923);
#1165=VERTEX_POINT('',#3927);
#1166=VERTEX_POINT('',#3929);
#1167=VERTEX_POINT('',#3933);
#1168=VERTEX_POINT('',#3935);
#1169=VERTEX_POINT('',#3939);
#1170=VERTEX_POINT('',#3941);
#1171=VERTEX_POINT('',#3945);
#1172=VERTEX_POINT('',#3947);
#1173=VERTEX_POINT('',#3951);
#1174=VERTEX_POINT('',#3953);
#1175=VERTEX_POINT('',#3957);
#1176=VERTEX_POINT('',#3959);
#1177=VERTEX_POINT('',#3963);
#1178=VERTEX_POINT('',#3965);
#1179=VERTEX_POINT('',#3969);
#1180=VERTEX_POINT('',#3971);
#1181=VERTEX_POINT('',#3975);
#1182=VERTEX_POINT('',#3977);
#1183=VERTEX_POINT('',#3981);
#1184=VERTEX_POINT('',#3983);
#1185=VERTEX_POINT('',#3987);
#1186=VERTEX_POINT('',#3989);
#1187=VERTEX_POINT('',#3993);
#1188=VERTEX_POINT('',#3995);
#1189=VERTEX_POINT('',#3999);
#1190=VERTEX_POINT('',#4001);
#1191=VERTEX_POINT('',#4005);
#1192=VERTEX_POINT('',#4007);
#1193=VERTEX_POINT('',#4011);
#1194=VERTEX_POINT('',#4013);
#1195=VERTEX_POINT('',#4017);
#1196=VERTEX_POINT('',#4019);
#1197=VERTEX_POINT('',#4023);
#1198=VERTEX_POINT('',#4025);
#1199=VERTEX_POINT('',#4029);
#1200=VERTEX_POINT('',#4031);
#1201=EDGE_CURVE('',#981,#982,#377,.T.);
#1202=EDGE_CURVE('',#982,#983,#378,.T.);
#1203=EDGE_CURVE('',#984,#983,#379,.T.);
#1204=EDGE_CURVE('',#981,#984,#380,.T.);
#1205=EDGE_CURVE('',#985,#981,#381,.T.);
#1206=EDGE_CURVE('',#986,#984,#382,.T.);
#1207=EDGE_CURVE('',#985,#986,#383,.T.);
#1208=EDGE_CURVE('',#987,#985,#384,.T.);
#1209=EDGE_CURVE('',#988,#986,#385,.T.);
#1210=EDGE_CURVE('',#987,#988,#386,.T.);
#1211=EDGE_CURVE('',#982,#987,#387,.T.);
#1212=EDGE_CURVE('',#983,#988,#388,.T.);
#1213=EDGE_CURVE('',#989,#990,#389,.T.);
#1214=EDGE_CURVE('',#990,#991,#390,.T.);
#1215=EDGE_CURVE('',#992,#991,#391,.T.);
#1216=EDGE_CURVE('',#989,#992,#392,.T.);
#1217=EDGE_CURVE('',#993,#989,#393,.T.);
#1218=EDGE_CURVE('',#994,#992,#394,.T.);
#1219=EDGE_CURVE('',#993,#994,#395,.T.);
#1220=EDGE_CURVE('',#995,#993,#396,.T.);
#1221=EDGE_CURVE('',#996,#994,#397,.T.);
#1222=EDGE_CURVE('',#995,#996,#398,.T.);
#1223=EDGE_CURVE('',#990,#995,#399,.T.);
#1224=EDGE_CURVE('',#991,#996,#400,.T.);
#1225=EDGE_CURVE('',#997,#997,#49,.T.);
#1226=EDGE_CURVE('',#997,#998,#401,.T.);
#1227=EDGE_CURVE('',#998,#998,#50,.T.);
#1228=EDGE_CURVE('',#999,#999,#51,.T.);
#1229=EDGE_CURVE('',#999,#1000,#402,.T.);
#1230=EDGE_CURVE('',#1000,#1000,#52,.T.);
#1231=EDGE_CURVE('',#1001,#1001,#53,.T.);
#1232=EDGE_CURVE('',#1001,#1002,#403,.T.);
#1233=EDGE_CURVE('',#1002,#1002,#54,.T.);
#1234=EDGE_CURVE('',#1003,#1003,#55,.T.);
#1235=EDGE_CURVE('',#1003,#1004,#404,.T.);
#1236=EDGE_CURVE('',#1004,#1004,#56,.T.);
#1237=EDGE_CURVE('',#1005,#1005,#57,.T.);
#1238=EDGE_CURVE('',#1005,#1006,#405,.T.);
#1239=EDGE_CURVE('',#1006,#1006,#58,.T.);
#1240=EDGE_CURVE('',#1007,#1008,#406,.T.);
#1241=EDGE_CURVE('',#1009,#1008,#407,.T.);
#1242=EDGE_CURVE('',#1009,#1010,#408,.T.);
#1243=EDGE_CURVE('',#1011,#1010,#409,.T.);
#1244=EDGE_CURVE('',#1012,#1011,#410,.T.);
#1245=EDGE_CURVE('',#1013,#1012,#411,.T.);
#1246=EDGE_CURVE('',#1014,#1013,#412,.T.);
#1247=EDGE_CURVE('',#1007,#1014,#413,.T.);
#1248=EDGE_CURVE('',#1015,#1016,#414,.T.);
#1249=EDGE_CURVE('',#1015,#1013,#415,.T.);
#1250=EDGE_CURVE('',#1016,#1012,#416,.T.);
#1251=EDGE_CURVE('',#1017,#1015,#417,.T.);
#1252=EDGE_CURVE('',#1014,#1017,#418,.T.);
#1253=EDGE_CURVE('',#1016,#1018,#419,.T.);
#1254=EDGE_CURVE('',#1018,#1011,#420,.T.);
#1255=EDGE_CURVE('',#1017,#1018,#421,.T.);
#1256=EDGE_CURVE('',#1019,#1020,#422,.T.);
#1257=EDGE_CURVE('',#1021,#1019,#423,.T.);
#1258=EDGE_CURVE('',#1022,#1021,#424,.T.);
#1259=EDGE_CURVE('',#1020,#1022,#425,.T.);
#1260=EDGE_CURVE('',#1022,#1023,#426,.T.);
#1261=EDGE_CURVE('',#1023,#1024,#427,.T.);
#1262=EDGE_CURVE('',#1020,#1024,#428,.T.);
#1263=EDGE_CURVE('',#1025,#1007,#429,.T.);
#1264=EDGE_CURVE('',#1026,#1025,#430,.T.);
#1265=EDGE_CURVE('',#1026,#1008,#431,.T.);
#1266=EDGE_CURVE('',#1027,#1021,#432,.T.);
#1267=EDGE_CURVE('',#1027,#1023,#433,.T.);
#1268=EDGE_CURVE('',#1028,#1026,#434,.T.);
#1269=EDGE_CURVE('',#1009,#1028,#435,.T.);
#1270=EDGE_CURVE('',#1019,#1029,#436,.T.);
#1271=EDGE_CURVE('',#1029,#1027,#437,.T.);
#1272=EDGE_CURVE('',#1024,#1029,#438,.T.);
#1273=EDGE_CURVE('',#1010,#1030,#439,.T.);
#1274=EDGE_CURVE('',#1031,#1030,#440,.T.);
#1275=EDGE_CURVE('',#1031,#1032,#441,.T.);
#1276=EDGE_CURVE('',#1033,#1032,#442,.T.);
#1277=EDGE_CURVE('',#1034,#1033,#443,.T.);
#1278=EDGE_CURVE('',#1025,#1034,#444,.T.);
#1279=EDGE_CURVE('',#1035,#1031,#445,.T.);
#1280=EDGE_CURVE('',#1035,#1036,#446,.T.);
#1281=EDGE_CURVE('',#1032,#1036,#447,.T.);
#1282=EDGE_CURVE('',#1030,#1028,#448,.T.);
#1283=EDGE_CURVE('',#1034,#1037,#449,.T.);
#1284=EDGE_CURVE('',#1037,#1035,#450,.T.);
#1285=EDGE_CURVE('',#1038,#1037,#451,.T.);
#1286=EDGE_CURVE('',#1036,#1038,#452,.T.);
#1287=EDGE_CURVE('',#1038,#1033,#453,.T.);
#1288=EDGE_CURVE('',#1039,#1039,#59,.T.);
#1289=EDGE_CURVE('',#1039,#1040,#454,.T.);
#1290=EDGE_CURVE('',#1040,#1040,#60,.T.);
#1291=EDGE_CURVE('',#1041,#1041,#61,.T.);
#1292=EDGE_CURVE('',#1041,#1042,#455,.T.);
#1293=EDGE_CURVE('',#1042,#1042,#62,.T.);
#1294=EDGE_CURVE('',#1043,#1043,#63,.T.);
#1295=EDGE_CURVE('',#1043,#1044,#456,.T.);
#1296=EDGE_CURVE('',#1044,#1044,#64,.T.);
#1297=EDGE_CURVE('',#1045,#1045,#65,.T.);
#1298=EDGE_CURVE('',#1046,#1046,#66,.T.);
#1299=EDGE_CURVE('',#1046,#1045,#457,.T.);
#1300=EDGE_CURVE('',#1047,#1048,#458,.T.);
#1301=EDGE_CURVE('',#1047,#1049,#459,.T.);
#1302=EDGE_CURVE('',#1050,#1049,#460,.T.);
#1303=EDGE_CURVE('',#1048,#1050,#461,.T.);
#1304=EDGE_CURVE('',#1051,#1050,#462,.T.);
#1305=EDGE_CURVE('',#1049,#1052,#463,.T.);
#1306=EDGE_CURVE('',#1052,#1051,#464,.T.);
#1307=EDGE_CURVE('',#1053,#1054,#465,.T.);
#1308=EDGE_CURVE('',#1053,#1055,#466,.T.);
#1309=EDGE_CURVE('',#1056,#1055,#467,.T.);
#1310=EDGE_CURVE('',#1054,#1056,#468,.T.);
#1311=EDGE_CURVE('',#1057,#1056,#469,.T.);
#1312=EDGE_CURVE('',#1055,#1058,#470,.T.);
#1313=EDGE_CURVE('',#1058,#1057,#471,.T.);
#1314=EDGE_CURVE('',#1048,#1053,#472,.T.);
#1315=EDGE_CURVE('',#1054,#1047,#473,.T.);
#1316=EDGE_CURVE('',#1059,#1060,#474,.T.);
#1317=EDGE_CURVE('',#1060,#1052,#475,.T.);
#1318=EDGE_CURVE('',#1059,#1057,#476,.T.);
#1319=EDGE_CURVE('',#1061,#1059,#477,.T.);
#1320=EDGE_CURVE('',#1061,#1058,#478,.T.);
#1321=EDGE_CURVE('',#1062,#1061,#479,.T.);
#1322=EDGE_CURVE('',#1062,#1051,#480,.T.);
#1323=EDGE_CURVE('',#1060,#1062,#481,.T.);
#1324=EDGE_CURVE('',#1063,#1063,#67,.T.);
#1325=EDGE_CURVE('',#1063,#1064,#482,.T.);
#1326=EDGE_CURVE('',#1064,#1064,#68,.T.);
#1327=EDGE_CURVE('',#1065,#1066,#483,.T.);
#1328=EDGE_CURVE('',#1066,#1067,#484,.T.);
#1329=EDGE_CURVE('',#1068,#1067,#485,.T.);
#1330=EDGE_CURVE('',#1065,#1068,#486,.T.);
#1331=EDGE_CURVE('',#1069,#1065,#487,.T.);
#1332=EDGE_CURVE('',#1070,#1068,#488,.T.);
#1333=EDGE_CURVE('',#1069,#1070,#489,.T.);
#1334=EDGE_CURVE('',#1071,#1069,#490,.T.);
#1335=EDGE_CURVE('',#1072,#1070,#491,.T.);
#1336=EDGE_CURVE('',#1071,#1072,#492,.T.);
#1337=EDGE_CURVE('',#1073,#1071,#493,.T.);
#1338=EDGE_CURVE('',#1074,#1072,#494,.T.);
#1339=EDGE_CURVE('',#1073,#1074,#495,.T.);
#1340=EDGE_CURVE('',#1075,#1073,#496,.T.);
#1341=EDGE_CURVE('',#1076,#1074,#497,.T.);
#1342=EDGE_CURVE('',#1075,#1076,#498,.T.);
#1343=EDGE_CURVE('',#1077,#1075,#499,.T.);
#1344=EDGE_CURVE('',#1078,#1076,#500,.T.);
#1345=EDGE_CURVE('',#1077,#1078,#501,.T.);
#1346=EDGE_CURVE('',#1079,#1077,#69,.T.);
#1347=EDGE_CURVE('',#1080,#1078,#70,.T.);
#1348=EDGE_CURVE('',#1079,#1080,#502,.T.);
#1349=EDGE_CURVE('',#1081,#1079,#503,.T.);
#1350=EDGE_CURVE('',#1082,#1080,#504,.T.);
#1351=EDGE_CURVE('',#1081,#1082,#505,.T.);
#1352=EDGE_CURVE('',#1083,#1081,#506,.T.);
#1353=EDGE_CURVE('',#1084,#1082,#507,.T.);
#1354=EDGE_CURVE('',#1083,#1084,#508,.T.);
#1355=EDGE_CURVE('',#1085,#1083,#509,.T.);
#1356=EDGE_CURVE('',#1086,#1084,#510,.T.);
#1357=EDGE_CURVE('',#1085,#1086,#511,.T.);
#1358=EDGE_CURVE('',#1087,#1085,#512,.T.);
#1359=EDGE_CURVE('',#1088,#1086,#513,.T.);
#1360=EDGE_CURVE('',#1087,#1088,#514,.T.);
#1361=EDGE_CURVE('',#1089,#1087,#515,.T.);
#1362=EDGE_CURVE('',#1090,#1088,#516,.T.);
#1363=EDGE_CURVE('',#1089,#1090,#517,.T.);
#1364=EDGE_CURVE('',#1091,#1089,#518,.T.);
#1365=EDGE_CURVE('',#1092,#1090,#519,.T.);
#1366=EDGE_CURVE('',#1091,#1092,#520,.T.);
#1367=EDGE_CURVE('',#1093,#1091,#521,.T.);
#1368=EDGE_CURVE('',#1094,#1092,#522,.T.);
#1369=EDGE_CURVE('',#1093,#1094,#523,.T.);
#1370=EDGE_CURVE('',#1095,#1093,#524,.T.);
#1371=EDGE_CURVE('',#1096,#1094,#525,.T.);
#1372=EDGE_CURVE('',#1095,#1096,#526,.T.);
#1373=EDGE_CURVE('',#1097,#1095,#527,.T.);
#1374=EDGE_CURVE('',#1098,#1096,#528,.T.);
#1375=EDGE_CURVE('',#1097,#1098,#529,.T.);
#1376=EDGE_CURVE('',#1099,#1097,#530,.T.);
#1377=EDGE_CURVE('',#1100,#1098,#531,.T.);
#1378=EDGE_CURVE('',#1099,#1100,#532,.T.);
#1379=EDGE_CURVE('',#1101,#1099,#533,.T.);
#1380=EDGE_CURVE('',#1102,#1100,#534,.T.);
#1381=EDGE_CURVE('',#1101,#1102,#535,.T.);
#1382=EDGE_CURVE('',#1103,#1101,#536,.T.);
#1383=EDGE_CURVE('',#1104,#1102,#537,.T.);
#1384=EDGE_CURVE('',#1103,#1104,#538,.T.);
#1385=EDGE_CURVE('',#1105,#1103,#539,.T.);
#1386=EDGE_CURVE('',#1106,#1104,#540,.T.);
#1387=EDGE_CURVE('',#1105,#1106,#541,.T.);
#1388=EDGE_CURVE('',#1107,#1105,#542,.T.);
#1389=EDGE_CURVE('',#1108,#1106,#543,.T.);
#1390=EDGE_CURVE('',#1107,#1108,#544,.T.);
#1391=EDGE_CURVE('',#1109,#1107,#545,.T.);
#1392=EDGE_CURVE('',#1110,#1108,#546,.T.);
#1393=EDGE_CURVE('',#1109,#1110,#547,.T.);
#1394=EDGE_CURVE('',#1111,#1109,#548,.T.);
#1395=EDGE_CURVE('',#1112,#1110,#549,.T.);
#1396=EDGE_CURVE('',#1111,#1112,#550,.T.);
#1397=EDGE_CURVE('',#1113,#1111,#71,.T.);
#1398=EDGE_CURVE('',#1114,#1112,#72,.T.);
#1399=EDGE_CURVE('',#1113,#1114,#551,.T.);
#1400=EDGE_CURVE('',#1115,#1113,#552,.T.);
#1401=EDGE_CURVE('',#1116,#1114,#553,.T.);
#1402=EDGE_CURVE('',#1115,#1116,#554,.T.);
#1403=EDGE_CURVE('',#1117,#1115,#555,.T.);
#1404=EDGE_CURVE('',#1118,#1116,#556,.T.);
#1405=EDGE_CURVE('',#1117,#1118,#557,.T.);
#1406=EDGE_CURVE('',#1119,#1117,#558,.T.);
#1407=EDGE_CURVE('',#1120,#1118,#559,.T.);
#1408=EDGE_CURVE('',#1119,#1120,#560,.T.);
#1409=EDGE_CURVE('',#1121,#1119,#561,.T.);
#1410=EDGE_CURVE('',#1122,#1120,#562,.T.);
#1411=EDGE_CURVE('',#1121,#1122,#563,.T.);
#1412=EDGE_CURVE('',#1123,#1121,#564,.T.);
#1413=EDGE_CURVE('',#1124,#1122,#565,.T.);
#1414=EDGE_CURVE('',#1123,#1124,#566,.T.);
#1415=EDGE_CURVE('',#1125,#1123,#567,.T.);
#1416=EDGE_CURVE('',#1126,#1124,#568,.T.);
#1417=EDGE_CURVE('',#1125,#1126,#569,.T.);
#1418=EDGE_CURVE('',#1127,#1125,#570,.T.);
#1419=EDGE_CURVE('',#1128,#1126,#571,.T.);
#1420=EDGE_CURVE('',#1127,#1128,#572,.T.);
#1421=EDGE_CURVE('',#1129,#1127,#573,.T.);
#1422=EDGE_CURVE('',#1130,#1128,#574,.T.);
#1423=EDGE_CURVE('',#1129,#1130,#575,.T.);
#1424=EDGE_CURVE('',#1131,#1129,#576,.T.);
#1425=EDGE_CURVE('',#1132,#1130,#577,.T.);
#1426=EDGE_CURVE('',#1131,#1132,#578,.T.);
#1427=EDGE_CURVE('',#1133,#1131,#579,.T.);
#1428=EDGE_CURVE('',#1134,#1132,#580,.T.);
#1429=EDGE_CURVE('',#1133,#1134,#581,.T.);
#1430=EDGE_CURVE('',#1135,#1133,#582,.T.);
#1431=EDGE_CURVE('',#1136,#1134,#583,.T.);
#1432=EDGE_CURVE('',#1135,#1136,#584,.T.);
#1433=EDGE_CURVE('',#1137,#1135,#585,.T.);
#1434=EDGE_CURVE('',#1138,#1136,#586,.T.);
#1435=EDGE_CURVE('',#1137,#1138,#587,.T.);
#1436=EDGE_CURVE('',#1139,#1137,#588,.T.);
#1437=EDGE_CURVE('',#1140,#1138,#589,.T.);
#1438=EDGE_CURVE('',#1139,#1140,#590,.T.);
#1439=EDGE_CURVE('',#1141,#1139,#591,.T.);
#1440=EDGE_CURVE('',#1142,#1140,#592,.T.);
#1441=EDGE_CURVE('',#1141,#1142,#593,.T.);
#1442=EDGE_CURVE('',#1143,#1141,#594,.T.);
#1443=EDGE_CURVE('',#1144,#1142,#595,.T.);
#1444=EDGE_CURVE('',#1143,#1144,#596,.T.);
#1445=EDGE_CURVE('',#1145,#1143,#597,.T.);
#1446=EDGE_CURVE('',#1146,#1144,#598,.T.);
#1447=EDGE_CURVE('',#1145,#1146,#599,.T.);
#1448=EDGE_CURVE('',#1147,#1145,#73,.T.);
#1449=EDGE_CURVE('',#1148,#1146,#74,.T.);
#1450=EDGE_CURVE('',#1147,#1148,#600,.T.);
#1451=EDGE_CURVE('',#1149,#1147,#601,.T.);
#1452=EDGE_CURVE('',#1150,#1148,#602,.T.);
#1453=EDGE_CURVE('',#1149,#1150,#603,.T.);
#1454=EDGE_CURVE('',#1151,#1149,#604,.T.);
#1455=EDGE_CURVE('',#1152,#1150,#605,.T.);
#1456=EDGE_CURVE('',#1151,#1152,#606,.T.);
#1457=EDGE_CURVE('',#1153,#1151,#607,.T.);
#1458=EDGE_CURVE('',#1154,#1152,#608,.T.);
#1459=EDGE_CURVE('',#1153,#1154,#609,.T.);
#1460=EDGE_CURVE('',#1155,#1153,#610,.T.);
#1461=EDGE_CURVE('',#1156,#1154,#611,.T.);
#1462=EDGE_CURVE('',#1155,#1156,#612,.T.);
#1463=EDGE_CURVE('',#1157,#1155,#613,.T.);
#1464=EDGE_CURVE('',#1158,#1156,#614,.T.);
#1465=EDGE_CURVE('',#1157,#1158,#615,.T.);
#1466=EDGE_CURVE('',#1159,#1157,#616,.T.);
#1467=EDGE_CURVE('',#1160,#1158,#617,.T.);
#1468=EDGE_CURVE('',#1159,#1160,#618,.T.);
#1469=EDGE_CURVE('',#1161,#1159,#619,.T.);
#1470=EDGE_CURVE('',#1162,#1160,#620,.T.);
#1471=EDGE_CURVE('',#1161,#1162,#621,.T.);
#1472=EDGE_CURVE('',#1163,#1161,#622,.T.);
#1473=EDGE_CURVE('',#1164,#1162,#623,.T.);
#1474=EDGE_CURVE('',#1163,#1164,#624,.T.);
#1475=EDGE_CURVE('',#1165,#1163,#625,.T.);
#1476=EDGE_CURVE('',#1166,#1164,#626,.T.);
#1477=EDGE_CURVE('',#1165,#1166,#627,.T.);
#1478=EDGE_CURVE('',#1167,#1165,#628,.T.);
#1479=EDGE_CURVE('',#1168,#1166,#629,.T.);
#1480=EDGE_CURVE('',#1167,#1168,#630,.T.);
#1481=EDGE_CURVE('',#1169,#1167,#631,.T.);
#1482=EDGE_CURVE('',#1170,#1168,#632,.T.);
#1483=EDGE_CURVE('',#1169,#1170,#633,.T.);
#1484=EDGE_CURVE('',#1171,#1169,#634,.T.);
#1485=EDGE_CURVE('',#1172,#1170,#635,.T.);
#1486=EDGE_CURVE('',#1171,#1172,#636,.T.);
#1487=EDGE_CURVE('',#1173,#1171,#637,.T.);
#1488=EDGE_CURVE('',#1174,#1172,#638,.T.);
#1489=EDGE_CURVE('',#1173,#1174,#639,.T.);
#1490=EDGE_CURVE('',#1175,#1173,#640,.T.);
#1491=EDGE_CURVE('',#1176,#1174,#641,.T.);
#1492=EDGE_CURVE('',#1175,#1176,#642,.T.);
#1493=EDGE_CURVE('',#1177,#1175,#643,.T.);
#1494=EDGE_CURVE('',#1178,#1176,#644,.T.);
#1495=EDGE_CURVE('',#1177,#1178,#645,.T.);
#1496=EDGE_CURVE('',#1179,#1177,#646,.T.);
#1497=EDGE_CURVE('',#1180,#1178,#647,.T.);
#1498=EDGE_CURVE('',#1179,#1180,#648,.T.);
#1499=EDGE_CURVE('',#1181,#1179,#75,.T.);
#1500=EDGE_CURVE('',#1182,#1180,#76,.T.);
#1501=EDGE_CURVE('',#1181,#1182,#649,.T.);
#1502=EDGE_CURVE('',#1183,#1181,#650,.T.);
#1503=EDGE_CURVE('',#1184,#1182,#651,.T.);
#1504=EDGE_CURVE('',#1183,#1184,#652,.T.);
#1505=EDGE_CURVE('',#1185,#1183,#653,.T.);
#1506=EDGE_CURVE('',#1186,#1184,#654,.T.);
#1507=EDGE_CURVE('',#1185,#1186,#655,.T.);
#1508=EDGE_CURVE('',#1187,#1185,#656,.T.);
#1509=EDGE_CURVE('',#1188,#1186,#657,.T.);
#1510=EDGE_CURVE('',#1187,#1188,#658,.T.);
#1511=EDGE_CURVE('',#1189,#1187,#659,.T.);
#1512=EDGE_CURVE('',#1190,#1188,#660,.T.);
#1513=EDGE_CURVE('',#1189,#1190,#661,.T.);
#1514=EDGE_CURVE('',#1191,#1189,#662,.T.);
#1515=EDGE_CURVE('',#1192,#1190,#663,.T.);
#1516=EDGE_CURVE('',#1191,#1192,#664,.T.);
#1517=EDGE_CURVE('',#1193,#1191,#665,.T.);
#1518=EDGE_CURVE('',#1194,#1192,#666,.T.);
#1519=EDGE_CURVE('',#1193,#1194,#667,.T.);
#1520=EDGE_CURVE('',#1195,#1193,#668,.T.);
#1521=EDGE_CURVE('',#1196,#1194,#669,.T.);
#1522=EDGE_CURVE('',#1195,#1196,#670,.T.);
#1523=EDGE_CURVE('',#1197,#1195,#671,.T.);
#1524=EDGE_CURVE('',#1198,#1196,#672,.T.);
#1525=EDGE_CURVE('',#1197,#1198,#673,.T.);
#1526=EDGE_CURVE('',#1199,#1197,#674,.T.);
#1527=EDGE_CURVE('',#1200,#1198,#675,.T.);
#1528=EDGE_CURVE('',#1199,#1200,#676,.T.);
#1529=EDGE_CURVE('',#1066,#1199,#677,.T.);
#1530=EDGE_CURVE('',#1067,#1200,#678,.T.);
#1531=ORIENTED_EDGE('',*,*,#1201,.T.);
#1532=ORIENTED_EDGE('',*,*,#1202,.T.);
#1533=ORIENTED_EDGE('',*,*,#1203,.F.);
#1534=ORIENTED_EDGE('',*,*,#1204,.F.);
#1535=ORIENTED_EDGE('',*,*,#1205,.T.);
#1536=ORIENTED_EDGE('',*,*,#1204,.T.);
#1537=ORIENTED_EDGE('',*,*,#1206,.F.);
#1538=ORIENTED_EDGE('',*,*,#1207,.F.);
#1539=ORIENTED_EDGE('',*,*,#1208,.T.);
#1540=ORIENTED_EDGE('',*,*,#1207,.T.);
#1541=ORIENTED_EDGE('',*,*,#1209,.F.);
#1542=ORIENTED_EDGE('',*,*,#1210,.F.);
#1543=ORIENTED_EDGE('',*,*,#1211,.T.);
#1544=ORIENTED_EDGE('',*,*,#1210,.T.);
#1545=ORIENTED_EDGE('',*,*,#1212,.F.);
#1546=ORIENTED_EDGE('',*,*,#1202,.F.);
#1547=ORIENTED_EDGE('',*,*,#1212,.T.);
#1548=ORIENTED_EDGE('',*,*,#1209,.T.);
#1549=ORIENTED_EDGE('',*,*,#1206,.T.);
#1550=ORIENTED_EDGE('',*,*,#1203,.T.);
#1551=ORIENTED_EDGE('',*,*,#1211,.F.);
#1552=ORIENTED_EDGE('',*,*,#1201,.F.);
#1553=ORIENTED_EDGE('',*,*,#1205,.F.);
#1554=ORIENTED_EDGE('',*,*,#1208,.F.);
#1555=ORIENTED_EDGE('',*,*,#1213,.T.);
#1556=ORIENTED_EDGE('',*,*,#1214,.T.);
#1557=ORIENTED_EDGE('',*,*,#1215,.F.);
#1558=ORIENTED_EDGE('',*,*,#1216,.F.);
#1559=ORIENTED_EDGE('',*,*,#1217,.T.);
#1560=ORIENTED_EDGE('',*,*,#1216,.T.);
#1561=ORIENTED_EDGE('',*,*,#1218,.F.);
#1562=ORIENTED_EDGE('',*,*,#1219,.F.);
#1563=ORIENTED_EDGE('',*,*,#1220,.T.);
#1564=ORIENTED_EDGE('',*,*,#1219,.T.);
#1565=ORIENTED_EDGE('',*,*,#1221,.F.);
#1566=ORIENTED_EDGE('',*,*,#1222,.F.);
#1567=ORIENTED_EDGE('',*,*,#1223,.T.);
#1568=ORIENTED_EDGE('',*,*,#1222,.T.);
#1569=ORIENTED_EDGE('',*,*,#1224,.F.);
#1570=ORIENTED_EDGE('',*,*,#1214,.F.);
#1571=ORIENTED_EDGE('',*,*,#1224,.T.);
#1572=ORIENTED_EDGE('',*,*,#1221,.T.);
#1573=ORIENTED_EDGE('',*,*,#1218,.T.);
#1574=ORIENTED_EDGE('',*,*,#1215,.T.);
#1575=ORIENTED_EDGE('',*,*,#1223,.F.);
#1576=ORIENTED_EDGE('',*,*,#1213,.F.);
#1577=ORIENTED_EDGE('',*,*,#1217,.F.);
#1578=ORIENTED_EDGE('',*,*,#1220,.F.);
#1579=ORIENTED_EDGE('',*,*,#1225,.F.);
#1580=ORIENTED_EDGE('',*,*,#1226,.T.);
#1581=ORIENTED_EDGE('',*,*,#1227,.F.);
#1582=ORIENTED_EDGE('',*,*,#1226,.F.);
#1583=ORIENTED_EDGE('',*,*,#1228,.F.);
#1584=ORIENTED_EDGE('',*,*,#1229,.T.);
#1585=ORIENTED_EDGE('',*,*,#1230,.F.);
#1586=ORIENTED_EDGE('',*,*,#1229,.F.);
#1587=ORIENTED_EDGE('',*,*,#1231,.F.);
#1588=ORIENTED_EDGE('',*,*,#1232,.T.);
#1589=ORIENTED_EDGE('',*,*,#1233,.F.);
#1590=ORIENTED_EDGE('',*,*,#1232,.F.);
#1591=ORIENTED_EDGE('',*,*,#1233,.T.);
#1592=ORIENTED_EDGE('',*,*,#1228,.T.);
#1593=ORIENTED_EDGE('',*,*,#1234,.F.);
#1594=ORIENTED_EDGE('',*,*,#1235,.T.);
#1595=ORIENTED_EDGE('',*,*,#1236,.F.);
#1596=ORIENTED_EDGE('',*,*,#1235,.F.);
#1597=ORIENTED_EDGE('',*,*,#1237,.F.);
#1598=ORIENTED_EDGE('',*,*,#1238,.T.);
#1599=ORIENTED_EDGE('',*,*,#1239,.T.);
#1600=ORIENTED_EDGE('',*,*,#1238,.F.);
#1601=ORIENTED_EDGE('',*,*,#1239,.F.);
#1602=ORIENTED_EDGE('',*,*,#1234,.T.);
#1603=ORIENTED_EDGE('',*,*,#1240,.T.);
#1604=ORIENTED_EDGE('',*,*,#1241,.F.);
#1605=ORIENTED_EDGE('',*,*,#1242,.T.);
#1606=ORIENTED_EDGE('',*,*,#1243,.F.);
#1607=ORIENTED_EDGE('',*,*,#1244,.F.);
#1608=ORIENTED_EDGE('',*,*,#1245,.F.);
#1609=ORIENTED_EDGE('',*,*,#1246,.F.);
#1610=ORIENTED_EDGE('',*,*,#1247,.F.);
#1611=ORIENTED_EDGE('',*,*,#1248,.F.);
#1612=ORIENTED_EDGE('',*,*,#1249,.T.);
#1613=ORIENTED_EDGE('',*,*,#1245,.T.);
#1614=ORIENTED_EDGE('',*,*,#1250,.F.);
#1615=ORIENTED_EDGE('',*,*,#1251,.F.);
#1616=ORIENTED_EDGE('',*,*,#1252,.F.);
#1617=ORIENTED_EDGE('',*,*,#1246,.T.);
#1618=ORIENTED_EDGE('',*,*,#1249,.F.);
#1619=ORIENTED_EDGE('',*,*,#1253,.F.);
#1620=ORIENTED_EDGE('',*,*,#1250,.T.);
#1621=ORIENTED_EDGE('',*,*,#1244,.T.);
#1622=ORIENTED_EDGE('',*,*,#1254,.F.);
#1623=ORIENTED_EDGE('',*,*,#1255,.F.);
#1624=ORIENTED_EDGE('',*,*,#1251,.T.);
#1625=ORIENTED_EDGE('',*,*,#1248,.T.);
#1626=ORIENTED_EDGE('',*,*,#1253,.T.);
#1627=ORIENTED_EDGE('',*,*,#1256,.F.);
#1628=ORIENTED_EDGE('',*,*,#1257,.F.);
#1629=ORIENTED_EDGE('',*,*,#1258,.F.);
#1630=ORIENTED_EDGE('',*,*,#1259,.F.);
#1631=ORIENTED_EDGE('',*,*,#1259,.T.);
#1632=ORIENTED_EDGE('',*,*,#1260,.T.);
#1633=ORIENTED_EDGE('',*,*,#1261,.T.);
#1634=ORIENTED_EDGE('',*,*,#1262,.F.);
#1635=ORIENTED_EDGE('',*,*,#1240,.F.);
#1636=ORIENTED_EDGE('',*,*,#1263,.F.);
#1637=ORIENTED_EDGE('',*,*,#1264,.F.);
#1638=ORIENTED_EDGE('',*,*,#1265,.T.);
#1639=ORIENTED_EDGE('',*,*,#1231,.T.);
#1640=ORIENTED_EDGE('',*,*,#1258,.T.);
#1641=ORIENTED_EDGE('',*,*,#1266,.F.);
#1642=ORIENTED_EDGE('',*,*,#1267,.T.);
#1643=ORIENTED_EDGE('',*,*,#1260,.F.);
#1644=ORIENTED_EDGE('',*,*,#1241,.T.);
#1645=ORIENTED_EDGE('',*,*,#1265,.F.);
#1646=ORIENTED_EDGE('',*,*,#1268,.F.);
#1647=ORIENTED_EDGE('',*,*,#1269,.F.);
#1648=ORIENTED_EDGE('',*,*,#1257,.T.);
#1649=ORIENTED_EDGE('',*,*,#1270,.T.);
#1650=ORIENTED_EDGE('',*,*,#1271,.T.);
#1651=ORIENTED_EDGE('',*,*,#1266,.T.);
#1652=ORIENTED_EDGE('',*,*,#1256,.T.);
#1653=ORIENTED_EDGE('',*,*,#1262,.T.);
#1654=ORIENTED_EDGE('',*,*,#1272,.T.);
#1655=ORIENTED_EDGE('',*,*,#1270,.F.);
#1656=ORIENTED_EDGE('',*,*,#1273,.T.);
#1657=ORIENTED_EDGE('',*,*,#1274,.F.);
#1658=ORIENTED_EDGE('',*,*,#1275,.T.);
#1659=ORIENTED_EDGE('',*,*,#1276,.F.);
#1660=ORIENTED_EDGE('',*,*,#1277,.F.);
#1661=ORIENTED_EDGE('',*,*,#1278,.F.);
#1662=ORIENTED_EDGE('',*,*,#1263,.T.);
#1663=ORIENTED_EDGE('',*,*,#1247,.T.);
#1664=ORIENTED_EDGE('',*,*,#1252,.T.);
#1665=ORIENTED_EDGE('',*,*,#1255,.T.);
#1666=ORIENTED_EDGE('',*,*,#1254,.T.);
#1667=ORIENTED_EDGE('',*,*,#1243,.T.);
#1668=ORIENTED_EDGE('',*,*,#1267,.F.);
#1669=ORIENTED_EDGE('',*,*,#1271,.F.);
#1670=ORIENTED_EDGE('',*,*,#1272,.F.);
#1671=ORIENTED_EDGE('',*,*,#1261,.F.);
#1672=ORIENTED_EDGE('',*,*,#1225,.T.);
#1673=ORIENTED_EDGE('',*,*,#1275,.F.);
#1674=ORIENTED_EDGE('',*,*,#1279,.F.);
#1675=ORIENTED_EDGE('',*,*,#1280,.T.);
#1676=ORIENTED_EDGE('',*,*,#1281,.F.);
#1677=ORIENTED_EDGE('',*,*,#1236,.T.);
#1678=ORIENTED_EDGE('',*,*,#1242,.F.);
#1679=ORIENTED_EDGE('',*,*,#1269,.T.);
#1680=ORIENTED_EDGE('',*,*,#1282,.F.);
#1681=ORIENTED_EDGE('',*,*,#1273,.F.);
#1682=ORIENTED_EDGE('',*,*,#1237,.T.);
#1683=ORIENTED_EDGE('',*,*,#1264,.T.);
#1684=ORIENTED_EDGE('',*,*,#1278,.T.);
#1685=ORIENTED_EDGE('',*,*,#1283,.T.);
#1686=ORIENTED_EDGE('',*,*,#1284,.T.);
#1687=ORIENTED_EDGE('',*,*,#1279,.T.);
#1688=ORIENTED_EDGE('',*,*,#1274,.T.);
#1689=ORIENTED_EDGE('',*,*,#1282,.T.);
#1690=ORIENTED_EDGE('',*,*,#1268,.T.);
#1691=ORIENTED_EDGE('',*,*,#1280,.F.);
#1692=ORIENTED_EDGE('',*,*,#1284,.F.);
#1693=ORIENTED_EDGE('',*,*,#1285,.F.);
#1694=ORIENTED_EDGE('',*,*,#1286,.F.);
#1695=ORIENTED_EDGE('',*,*,#1285,.T.);
#1696=ORIENTED_EDGE('',*,*,#1283,.F.);
#1697=ORIENTED_EDGE('',*,*,#1277,.T.);
#1698=ORIENTED_EDGE('',*,*,#1287,.F.);
#1699=ORIENTED_EDGE('',*,*,#1230,.T.);
#1700=ORIENTED_EDGE('',*,*,#1287,.T.);
#1701=ORIENTED_EDGE('',*,*,#1276,.T.);
#1702=ORIENTED_EDGE('',*,*,#1281,.T.);
#1703=ORIENTED_EDGE('',*,*,#1286,.T.);
#1704=ORIENTED_EDGE('',*,*,#1227,.T.);
#1705=ORIENTED_EDGE('',*,*,#1288,.F.);
#1706=ORIENTED_EDGE('',*,*,#1289,.T.);
#1707=ORIENTED_EDGE('',*,*,#1290,.F.);
#1708=ORIENTED_EDGE('',*,*,#1289,.F.);
#1709=ORIENTED_EDGE('',*,*,#1291,.F.);
#1710=ORIENTED_EDGE('',*,*,#1292,.T.);
#1711=ORIENTED_EDGE('',*,*,#1293,.F.);
#1712=ORIENTED_EDGE('',*,*,#1292,.F.);
#1713=ORIENTED_EDGE('',*,*,#1294,.F.);
#1714=ORIENTED_EDGE('',*,*,#1295,.T.);
#1715=ORIENTED_EDGE('',*,*,#1296,.T.);
#1716=ORIENTED_EDGE('',*,*,#1295,.F.);
#1717=ORIENTED_EDGE('',*,*,#1296,.F.);
#1718=ORIENTED_EDGE('',*,*,#1297,.F.);
#1719=ORIENTED_EDGE('',*,*,#1298,.F.);
#1720=ORIENTED_EDGE('',*,*,#1299,.T.);
#1721=ORIENTED_EDGE('',*,*,#1297,.T.);
#1722=ORIENTED_EDGE('',*,*,#1299,.F.);
#1723=ORIENTED_EDGE('',*,*,#1300,.F.);
#1724=ORIENTED_EDGE('',*,*,#1301,.T.);
#1725=ORIENTED_EDGE('',*,*,#1302,.F.);
#1726=ORIENTED_EDGE('',*,*,#1303,.F.);
#1727=ORIENTED_EDGE('',*,*,#1288,.T.);
#1728=ORIENTED_EDGE('',*,*,#1304,.T.);
#1729=ORIENTED_EDGE('',*,*,#1302,.T.);
#1730=ORIENTED_EDGE('',*,*,#1305,.T.);
#1731=ORIENTED_EDGE('',*,*,#1306,.T.);
#1732=ORIENTED_EDGE('',*,*,#1307,.F.);
#1733=ORIENTED_EDGE('',*,*,#1308,.T.);
#1734=ORIENTED_EDGE('',*,*,#1309,.F.);
#1735=ORIENTED_EDGE('',*,*,#1310,.F.);
#1736=ORIENTED_EDGE('',*,*,#1291,.T.);
#1737=ORIENTED_EDGE('',*,*,#1311,.T.);
#1738=ORIENTED_EDGE('',*,*,#1309,.T.);
#1739=ORIENTED_EDGE('',*,*,#1312,.T.);
#1740=ORIENTED_EDGE('',*,*,#1313,.T.);
#1741=ORIENTED_EDGE('',*,*,#1300,.T.);
#1742=ORIENTED_EDGE('',*,*,#1314,.T.);
#1743=ORIENTED_EDGE('',*,*,#1307,.T.);
#1744=ORIENTED_EDGE('',*,*,#1315,.T.);
#1745=ORIENTED_EDGE('',*,*,#1294,.T.);
#1746=ORIENTED_EDGE('',*,*,#1316,.T.);
#1747=ORIENTED_EDGE('',*,*,#1317,.T.);
#1748=ORIENTED_EDGE('',*,*,#1305,.F.);
#1749=ORIENTED_EDGE('',*,*,#1301,.F.);
#1750=ORIENTED_EDGE('',*,*,#1315,.F.);
#1751=ORIENTED_EDGE('',*,*,#1310,.T.);
#1752=ORIENTED_EDGE('',*,*,#1311,.F.);
#1753=ORIENTED_EDGE('',*,*,#1318,.F.);
#1754=ORIENTED_EDGE('',*,*,#1319,.T.);
#1755=ORIENTED_EDGE('',*,*,#1318,.T.);
#1756=ORIENTED_EDGE('',*,*,#1313,.F.);
#1757=ORIENTED_EDGE('',*,*,#1320,.F.);
#1758=ORIENTED_EDGE('',*,*,#1293,.T.);
#1759=ORIENTED_EDGE('',*,*,#1321,.T.);
#1760=ORIENTED_EDGE('',*,*,#1320,.T.);
#1761=ORIENTED_EDGE('',*,*,#1312,.F.);
#1762=ORIENTED_EDGE('',*,*,#1308,.F.);
#1763=ORIENTED_EDGE('',*,*,#1314,.F.);
#1764=ORIENTED_EDGE('',*,*,#1303,.T.);
#1765=ORIENTED_EDGE('',*,*,#1304,.F.);
#1766=ORIENTED_EDGE('',*,*,#1322,.F.);
#1767=ORIENTED_EDGE('',*,*,#1323,.T.);
#1768=ORIENTED_EDGE('',*,*,#1322,.T.);
#1769=ORIENTED_EDGE('',*,*,#1306,.F.);
#1770=ORIENTED_EDGE('',*,*,#1317,.F.);
#1771=ORIENTED_EDGE('',*,*,#1290,.T.);
#1772=ORIENTED_EDGE('',*,*,#1323,.F.);
#1773=ORIENTED_EDGE('',*,*,#1316,.F.);
#1774=ORIENTED_EDGE('',*,*,#1319,.F.);
#1775=ORIENTED_EDGE('',*,*,#1321,.F.);
#1776=ORIENTED_EDGE('',*,*,#1298,.T.);
#1777=ORIENTED_EDGE('',*,*,#1324,.F.);
#1778=ORIENTED_EDGE('',*,*,#1325,.T.);
#1779=ORIENTED_EDGE('',*,*,#1326,.T.);
#1780=ORIENTED_EDGE('',*,*,#1325,.F.);
#1781=ORIENTED_EDGE('',*,*,#1327,.T.);
#1782=ORIENTED_EDGE('',*,*,#1328,.T.);
#1783=ORIENTED_EDGE('',*,*,#1329,.F.);
#1784=ORIENTED_EDGE('',*,*,#1330,.F.);
#1785=ORIENTED_EDGE('',*,*,#1331,.T.);
#1786=ORIENTED_EDGE('',*,*,#1330,.T.);
#1787=ORIENTED_EDGE('',*,*,#1332,.F.);
#1788=ORIENTED_EDGE('',*,*,#1333,.F.);
#1789=ORIENTED_EDGE('',*,*,#1334,.T.);
#1790=ORIENTED_EDGE('',*,*,#1333,.T.);
#1791=ORIENTED_EDGE('',*,*,#1335,.F.);
#1792=ORIENTED_EDGE('',*,*,#1336,.F.);
#1793=ORIENTED_EDGE('',*,*,#1337,.T.);
#1794=ORIENTED_EDGE('',*,*,#1336,.T.);
#1795=ORIENTED_EDGE('',*,*,#1338,.F.);
#1796=ORIENTED_EDGE('',*,*,#1339,.F.);
#1797=ORIENTED_EDGE('',*,*,#1340,.T.);
#1798=ORIENTED_EDGE('',*,*,#1339,.T.);
#1799=ORIENTED_EDGE('',*,*,#1341,.F.);
#1800=ORIENTED_EDGE('',*,*,#1342,.F.);
#1801=ORIENTED_EDGE('',*,*,#1343,.T.);
#1802=ORIENTED_EDGE('',*,*,#1342,.T.);
#1803=ORIENTED_EDGE('',*,*,#1344,.F.);
#1804=ORIENTED_EDGE('',*,*,#1345,.F.);
#1805=ORIENTED_EDGE('',*,*,#1346,.T.);
#1806=ORIENTED_EDGE('',*,*,#1345,.T.);
#1807=ORIENTED_EDGE('',*,*,#1347,.F.);
#1808=ORIENTED_EDGE('',*,*,#1348,.F.);
#1809=ORIENTED_EDGE('',*,*,#1349,.T.);
#1810=ORIENTED_EDGE('',*,*,#1348,.T.);
#1811=ORIENTED_EDGE('',*,*,#1350,.F.);
#1812=ORIENTED_EDGE('',*,*,#1351,.F.);
#1813=ORIENTED_EDGE('',*,*,#1352,.T.);
#1814=ORIENTED_EDGE('',*,*,#1351,.T.);
#1815=ORIENTED_EDGE('',*,*,#1353,.F.);
#1816=ORIENTED_EDGE('',*,*,#1354,.F.);
#1817=ORIENTED_EDGE('',*,*,#1355,.T.);
#1818=ORIENTED_EDGE('',*,*,#1354,.T.);
#1819=ORIENTED_EDGE('',*,*,#1356,.F.);
#1820=ORIENTED_EDGE('',*,*,#1357,.F.);
#1821=ORIENTED_EDGE('',*,*,#1358,.T.);
#1822=ORIENTED_EDGE('',*,*,#1357,.T.);
#1823=ORIENTED_EDGE('',*,*,#1359,.F.);
#1824=ORIENTED_EDGE('',*,*,#1360,.F.);
#1825=ORIENTED_EDGE('',*,*,#1361,.T.);
#1826=ORIENTED_EDGE('',*,*,#1360,.T.);
#1827=ORIENTED_EDGE('',*,*,#1362,.F.);
#1828=ORIENTED_EDGE('',*,*,#1363,.F.);
#1829=ORIENTED_EDGE('',*,*,#1364,.T.);
#1830=ORIENTED_EDGE('',*,*,#1363,.T.);
#1831=ORIENTED_EDGE('',*,*,#1365,.F.);
#1832=ORIENTED_EDGE('',*,*,#1366,.F.);
#1833=ORIENTED_EDGE('',*,*,#1367,.T.);
#1834=ORIENTED_EDGE('',*,*,#1366,.T.);
#1835=ORIENTED_EDGE('',*,*,#1368,.F.);
#1836=ORIENTED_EDGE('',*,*,#1369,.F.);
#1837=ORIENTED_EDGE('',*,*,#1370,.T.);
#1838=ORIENTED_EDGE('',*,*,#1369,.T.);
#1839=ORIENTED_EDGE('',*,*,#1371,.F.);
#1840=ORIENTED_EDGE('',*,*,#1372,.F.);
#1841=ORIENTED_EDGE('',*,*,#1373,.T.);
#1842=ORIENTED_EDGE('',*,*,#1372,.T.);
#1843=ORIENTED_EDGE('',*,*,#1374,.F.);
#1844=ORIENTED_EDGE('',*,*,#1375,.F.);
#1845=ORIENTED_EDGE('',*,*,#1376,.T.);
#1846=ORIENTED_EDGE('',*,*,#1375,.T.);
#1847=ORIENTED_EDGE('',*,*,#1377,.F.);
#1848=ORIENTED_EDGE('',*,*,#1378,.F.);
#1849=ORIENTED_EDGE('',*,*,#1379,.T.);
#1850=ORIENTED_EDGE('',*,*,#1378,.T.);
#1851=ORIENTED_EDGE('',*,*,#1380,.F.);
#1852=ORIENTED_EDGE('',*,*,#1381,.F.);
#1853=ORIENTED_EDGE('',*,*,#1382,.T.);
#1854=ORIENTED_EDGE('',*,*,#1381,.T.);
#1855=ORIENTED_EDGE('',*,*,#1383,.F.);
#1856=ORIENTED_EDGE('',*,*,#1384,.F.);
#1857=ORIENTED_EDGE('',*,*,#1385,.T.);
#1858=ORIENTED_EDGE('',*,*,#1384,.T.);
#1859=ORIENTED_EDGE('',*,*,#1386,.F.);
#1860=ORIENTED_EDGE('',*,*,#1387,.F.);
#1861=ORIENTED_EDGE('',*,*,#1388,.T.);
#1862=ORIENTED_EDGE('',*,*,#1387,.T.);
#1863=ORIENTED_EDGE('',*,*,#1389,.F.);
#1864=ORIENTED_EDGE('',*,*,#1390,.F.);
#1865=ORIENTED_EDGE('',*,*,#1391,.T.);
#1866=ORIENTED_EDGE('',*,*,#1390,.T.);
#1867=ORIENTED_EDGE('',*,*,#1392,.F.);
#1868=ORIENTED_EDGE('',*,*,#1393,.F.);
#1869=ORIENTED_EDGE('',*,*,#1394,.T.);
#1870=ORIENTED_EDGE('',*,*,#1393,.T.);
#1871=ORIENTED_EDGE('',*,*,#1395,.F.);
#1872=ORIENTED_EDGE('',*,*,#1396,.F.);
#1873=ORIENTED_EDGE('',*,*,#1397,.T.);
#1874=ORIENTED_EDGE('',*,*,#1396,.T.);
#1875=ORIENTED_EDGE('',*,*,#1398,.F.);
#1876=ORIENTED_EDGE('',*,*,#1399,.F.);
#1877=ORIENTED_EDGE('',*,*,#1400,.T.);
#1878=ORIENTED_EDGE('',*,*,#1399,.T.);
#1879=ORIENTED_EDGE('',*,*,#1401,.F.);
#1880=ORIENTED_EDGE('',*,*,#1402,.F.);
#1881=ORIENTED_EDGE('',*,*,#1403,.T.);
#1882=ORIENTED_EDGE('',*,*,#1402,.T.);
#1883=ORIENTED_EDGE('',*,*,#1404,.F.);
#1884=ORIENTED_EDGE('',*,*,#1405,.F.);
#1885=ORIENTED_EDGE('',*,*,#1406,.T.);
#1886=ORIENTED_EDGE('',*,*,#1405,.T.);
#1887=ORIENTED_EDGE('',*,*,#1407,.F.);
#1888=ORIENTED_EDGE('',*,*,#1408,.F.);
#1889=ORIENTED_EDGE('',*,*,#1409,.T.);
#1890=ORIENTED_EDGE('',*,*,#1408,.T.);
#1891=ORIENTED_EDGE('',*,*,#1410,.F.);
#1892=ORIENTED_EDGE('',*,*,#1411,.F.);
#1893=ORIENTED_EDGE('',*,*,#1412,.T.);
#1894=ORIENTED_EDGE('',*,*,#1411,.T.);
#1895=ORIENTED_EDGE('',*,*,#1413,.F.);
#1896=ORIENTED_EDGE('',*,*,#1414,.F.);
#1897=ORIENTED_EDGE('',*,*,#1415,.T.);
#1898=ORIENTED_EDGE('',*,*,#1414,.T.);
#1899=ORIENTED_EDGE('',*,*,#1416,.F.);
#1900=ORIENTED_EDGE('',*,*,#1417,.F.);
#1901=ORIENTED_EDGE('',*,*,#1418,.T.);
#1902=ORIENTED_EDGE('',*,*,#1417,.T.);
#1903=ORIENTED_EDGE('',*,*,#1419,.F.);
#1904=ORIENTED_EDGE('',*,*,#1420,.F.);
#1905=ORIENTED_EDGE('',*,*,#1421,.T.);
#1906=ORIENTED_EDGE('',*,*,#1420,.T.);
#1907=ORIENTED_EDGE('',*,*,#1422,.F.);
#1908=ORIENTED_EDGE('',*,*,#1423,.F.);
#1909=ORIENTED_EDGE('',*,*,#1424,.T.);
#1910=ORIENTED_EDGE('',*,*,#1423,.T.);
#1911=ORIENTED_EDGE('',*,*,#1425,.F.);
#1912=ORIENTED_EDGE('',*,*,#1426,.F.);
#1913=ORIENTED_EDGE('',*,*,#1427,.T.);
#1914=ORIENTED_EDGE('',*,*,#1426,.T.);
#1915=ORIENTED_EDGE('',*,*,#1428,.F.);
#1916=ORIENTED_EDGE('',*,*,#1429,.F.);
#1917=ORIENTED_EDGE('',*,*,#1430,.T.);
#1918=ORIENTED_EDGE('',*,*,#1429,.T.);
#1919=ORIENTED_EDGE('',*,*,#1431,.F.);
#1920=ORIENTED_EDGE('',*,*,#1432,.F.);
#1921=ORIENTED_EDGE('',*,*,#1433,.T.);
#1922=ORIENTED_EDGE('',*,*,#1432,.T.);
#1923=ORIENTED_EDGE('',*,*,#1434,.F.);
#1924=ORIENTED_EDGE('',*,*,#1435,.F.);
#1925=ORIENTED_EDGE('',*,*,#1436,.T.);
#1926=ORIENTED_EDGE('',*,*,#1435,.T.);
#1927=ORIENTED_EDGE('',*,*,#1437,.F.);
#1928=ORIENTED_EDGE('',*,*,#1438,.F.);
#1929=ORIENTED_EDGE('',*,*,#1439,.T.);
#1930=ORIENTED_EDGE('',*,*,#1438,.T.);
#1931=ORIENTED_EDGE('',*,*,#1440,.F.);
#1932=ORIENTED_EDGE('',*,*,#1441,.F.);
#1933=ORIENTED_EDGE('',*,*,#1442,.T.);
#1934=ORIENTED_EDGE('',*,*,#1441,.T.);
#1935=ORIENTED_EDGE('',*,*,#1443,.F.);
#1936=ORIENTED_EDGE('',*,*,#1444,.F.);
#1937=ORIENTED_EDGE('',*,*,#1445,.T.);
#1938=ORIENTED_EDGE('',*,*,#1444,.T.);
#1939=ORIENTED_EDGE('',*,*,#1446,.F.);
#1940=ORIENTED_EDGE('',*,*,#1447,.F.);
#1941=ORIENTED_EDGE('',*,*,#1448,.T.);
#1942=ORIENTED_EDGE('',*,*,#1447,.T.);
#1943=ORIENTED_EDGE('',*,*,#1449,.F.);
#1944=ORIENTED_EDGE('',*,*,#1450,.F.);
#1945=ORIENTED_EDGE('',*,*,#1451,.T.);
#1946=ORIENTED_EDGE('',*,*,#1450,.T.);
#1947=ORIENTED_EDGE('',*,*,#1452,.F.);
#1948=ORIENTED_EDGE('',*,*,#1453,.F.);
#1949=ORIENTED_EDGE('',*,*,#1454,.T.);
#1950=ORIENTED_EDGE('',*,*,#1453,.T.);
#1951=ORIENTED_EDGE('',*,*,#1455,.F.);
#1952=ORIENTED_EDGE('',*,*,#1456,.F.);
#1953=ORIENTED_EDGE('',*,*,#1457,.T.);
#1954=ORIENTED_EDGE('',*,*,#1456,.T.);
#1955=ORIENTED_EDGE('',*,*,#1458,.F.);
#1956=ORIENTED_EDGE('',*,*,#1459,.F.);
#1957=ORIENTED_EDGE('',*,*,#1460,.T.);
#1958=ORIENTED_EDGE('',*,*,#1459,.T.);
#1959=ORIENTED_EDGE('',*,*,#1461,.F.);
#1960=ORIENTED_EDGE('',*,*,#1462,.F.);
#1961=ORIENTED_EDGE('',*,*,#1463,.T.);
#1962=ORIENTED_EDGE('',*,*,#1462,.T.);
#1963=ORIENTED_EDGE('',*,*,#1464,.F.);
#1964=ORIENTED_EDGE('',*,*,#1465,.F.);
#1965=ORIENTED_EDGE('',*,*,#1466,.T.);
#1966=ORIENTED_EDGE('',*,*,#1465,.T.);
#1967=ORIENTED_EDGE('',*,*,#1467,.F.);
#1968=ORIENTED_EDGE('',*,*,#1468,.F.);
#1969=ORIENTED_EDGE('',*,*,#1469,.T.);
#1970=ORIENTED_EDGE('',*,*,#1468,.T.);
#1971=ORIENTED_EDGE('',*,*,#1470,.F.);
#1972=ORIENTED_EDGE('',*,*,#1471,.F.);
#1973=ORIENTED_EDGE('',*,*,#1472,.T.);
#1974=ORIENTED_EDGE('',*,*,#1471,.T.);
#1975=ORIENTED_EDGE('',*,*,#1473,.F.);
#1976=ORIENTED_EDGE('',*,*,#1474,.F.);
#1977=ORIENTED_EDGE('',*,*,#1475,.T.);
#1978=ORIENTED_EDGE('',*,*,#1474,.T.);
#1979=ORIENTED_EDGE('',*,*,#1476,.F.);
#1980=ORIENTED_EDGE('',*,*,#1477,.F.);
#1981=ORIENTED_EDGE('',*,*,#1478,.T.);
#1982=ORIENTED_EDGE('',*,*,#1477,.T.);
#1983=ORIENTED_EDGE('',*,*,#1479,.F.);
#1984=ORIENTED_EDGE('',*,*,#1480,.F.);
#1985=ORIENTED_EDGE('',*,*,#1481,.T.);
#1986=ORIENTED_EDGE('',*,*,#1480,.T.);
#1987=ORIENTED_EDGE('',*,*,#1482,.F.);
#1988=ORIENTED_EDGE('',*,*,#1483,.F.);
#1989=ORIENTED_EDGE('',*,*,#1484,.T.);
#1990=ORIENTED_EDGE('',*,*,#1483,.T.);
#1991=ORIENTED_EDGE('',*,*,#1485,.F.);
#1992=ORIENTED_EDGE('',*,*,#1486,.F.);
#1993=ORIENTED_EDGE('',*,*,#1487,.T.);
#1994=ORIENTED_EDGE('',*,*,#1486,.T.);
#1995=ORIENTED_EDGE('',*,*,#1488,.F.);
#1996=ORIENTED_EDGE('',*,*,#1489,.F.);
#1997=ORIENTED_EDGE('',*,*,#1490,.T.);
#1998=ORIENTED_EDGE('',*,*,#1489,.T.);
#1999=ORIENTED_EDGE('',*,*,#1491,.F.);
#2000=ORIENTED_EDGE('',*,*,#1492,.F.);
#2001=ORIENTED_EDGE('',*,*,#1493,.T.);
#2002=ORIENTED_EDGE('',*,*,#1492,.T.);
#2003=ORIENTED_EDGE('',*,*,#1494,.F.);
#2004=ORIENTED_EDGE('',*,*,#1495,.F.);
#2005=ORIENTED_EDGE('',*,*,#1496,.T.);
#2006=ORIENTED_EDGE('',*,*,#1495,.T.);
#2007=ORIENTED_EDGE('',*,*,#1497,.F.);
#2008=ORIENTED_EDGE('',*,*,#1498,.F.);
#2009=ORIENTED_EDGE('',*,*,#1499,.T.);
#2010=ORIENTED_EDGE('',*,*,#1498,.T.);
#2011=ORIENTED_EDGE('',*,*,#1500,.F.);
#2012=ORIENTED_EDGE('',*,*,#1501,.F.);
#2013=ORIENTED_EDGE('',*,*,#1502,.T.);
#2014=ORIENTED_EDGE('',*,*,#1501,.T.);
#2015=ORIENTED_EDGE('',*,*,#1503,.F.);
#2016=ORIENTED_EDGE('',*,*,#1504,.F.);
#2017=ORIENTED_EDGE('',*,*,#1505,.T.);
#2018=ORIENTED_EDGE('',*,*,#1504,.T.);
#2019=ORIENTED_EDGE('',*,*,#1506,.F.);
#2020=ORIENTED_EDGE('',*,*,#1507,.F.);
#2021=ORIENTED_EDGE('',*,*,#1508,.T.);
#2022=ORIENTED_EDGE('',*,*,#1507,.T.);
#2023=ORIENTED_EDGE('',*,*,#1509,.F.);
#2024=ORIENTED_EDGE('',*,*,#1510,.F.);
#2025=ORIENTED_EDGE('',*,*,#1511,.T.);
#2026=ORIENTED_EDGE('',*,*,#1510,.T.);
#2027=ORIENTED_EDGE('',*,*,#1512,.F.);
#2028=ORIENTED_EDGE('',*,*,#1513,.F.);
#2029=ORIENTED_EDGE('',*,*,#1514,.T.);
#2030=ORIENTED_EDGE('',*,*,#1513,.T.);
#2031=ORIENTED_EDGE('',*,*,#1515,.F.);
#2032=ORIENTED_EDGE('',*,*,#1516,.F.);
#2033=ORIENTED_EDGE('',*,*,#1517,.T.);
#2034=ORIENTED_EDGE('',*,*,#1516,.T.);
#2035=ORIENTED_EDGE('',*,*,#1518,.F.);
#2036=ORIENTED_EDGE('',*,*,#1519,.F.);
#2037=ORIENTED_EDGE('',*,*,#1520,.T.);
#2038=ORIENTED_EDGE('',*,*,#1519,.T.);
#2039=ORIENTED_EDGE('',*,*,#1521,.F.);
#2040=ORIENTED_EDGE('',*,*,#1522,.F.);
#2041=ORIENTED_EDGE('',*,*,#1523,.T.);
#2042=ORIENTED_EDGE('',*,*,#1522,.T.);
#2043=ORIENTED_EDGE('',*,*,#1524,.F.);
#2044=ORIENTED_EDGE('',*,*,#1525,.F.);
#2045=ORIENTED_EDGE('',*,*,#1526,.T.);
#2046=ORIENTED_EDGE('',*,*,#1525,.T.);
#2047=ORIENTED_EDGE('',*,*,#1527,.F.);
#2048=ORIENTED_EDGE('',*,*,#1528,.F.);
#2049=ORIENTED_EDGE('',*,*,#1529,.T.);
#2050=ORIENTED_EDGE('',*,*,#1528,.T.);
#2051=ORIENTED_EDGE('',*,*,#1530,.F.);
#2052=ORIENTED_EDGE('',*,*,#1328,.F.);
#2053=ORIENTED_EDGE('',*,*,#1530,.T.);
#2054=ORIENTED_EDGE('',*,*,#1527,.T.);
#2055=ORIENTED_EDGE('',*,*,#1524,.T.);
#2056=ORIENTED_EDGE('',*,*,#1521,.T.);
#2057=ORIENTED_EDGE('',*,*,#1518,.T.);
#2058=ORIENTED_EDGE('',*,*,#1515,.T.);
#2059=ORIENTED_EDGE('',*,*,#1512,.T.);
#2060=ORIENTED_EDGE('',*,*,#1509,.T.);
#2061=ORIENTED_EDGE('',*,*,#1506,.T.);
#2062=ORIENTED_EDGE('',*,*,#1503,.T.);
#2063=ORIENTED_EDGE('',*,*,#1500,.T.);
#2064=ORIENTED_EDGE('',*,*,#1497,.T.);
#2065=ORIENTED_EDGE('',*,*,#1494,.T.);
#2066=ORIENTED_EDGE('',*,*,#1491,.T.);
#2067=ORIENTED_EDGE('',*,*,#1488,.T.);
#2068=ORIENTED_EDGE('',*,*,#1485,.T.);
#2069=ORIENTED_EDGE('',*,*,#1482,.T.);
#2070=ORIENTED_EDGE('',*,*,#1479,.T.);
#2071=ORIENTED_EDGE('',*,*,#1476,.T.);
#2072=ORIENTED_EDGE('',*,*,#1473,.T.);
#2073=ORIENTED_EDGE('',*,*,#1470,.T.);
#2074=ORIENTED_EDGE('',*,*,#1467,.T.);
#2075=ORIENTED_EDGE('',*,*,#1464,.T.);
#2076=ORIENTED_EDGE('',*,*,#1461,.T.);
#2077=ORIENTED_EDGE('',*,*,#1458,.T.);
#2078=ORIENTED_EDGE('',*,*,#1455,.T.);
#2079=ORIENTED_EDGE('',*,*,#1452,.T.);
#2080=ORIENTED_EDGE('',*,*,#1449,.T.);
#2081=ORIENTED_EDGE('',*,*,#1446,.T.);
#2082=ORIENTED_EDGE('',*,*,#1443,.T.);
#2083=ORIENTED_EDGE('',*,*,#1440,.T.);
#2084=ORIENTED_EDGE('',*,*,#1437,.T.);
#2085=ORIENTED_EDGE('',*,*,#1434,.T.);
#2086=ORIENTED_EDGE('',*,*,#1431,.T.);
#2087=ORIENTED_EDGE('',*,*,#1428,.T.);
#2088=ORIENTED_EDGE('',*,*,#1425,.T.);
#2089=ORIENTED_EDGE('',*,*,#1422,.T.);
#2090=ORIENTED_EDGE('',*,*,#1419,.T.);
#2091=ORIENTED_EDGE('',*,*,#1416,.T.);
#2092=ORIENTED_EDGE('',*,*,#1413,.T.);
#2093=ORIENTED_EDGE('',*,*,#1410,.T.);
#2094=ORIENTED_EDGE('',*,*,#1407,.T.);
#2095=ORIENTED_EDGE('',*,*,#1404,.T.);
#2096=ORIENTED_EDGE('',*,*,#1401,.T.);
#2097=ORIENTED_EDGE('',*,*,#1398,.T.);
#2098=ORIENTED_EDGE('',*,*,#1395,.T.);
#2099=ORIENTED_EDGE('',*,*,#1392,.T.);
#2100=ORIENTED_EDGE('',*,*,#1389,.T.);
#2101=ORIENTED_EDGE('',*,*,#1386,.T.);
#2102=ORIENTED_EDGE('',*,*,#1383,.T.);
#2103=ORIENTED_EDGE('',*,*,#1380,.T.);
#2104=ORIENTED_EDGE('',*,*,#1377,.T.);
#2105=ORIENTED_EDGE('',*,*,#1374,.T.);
#2106=ORIENTED_EDGE('',*,*,#1371,.T.);
#2107=ORIENTED_EDGE('',*,*,#1368,.T.);
#2108=ORIENTED_EDGE('',*,*,#1365,.T.);
#2109=ORIENTED_EDGE('',*,*,#1362,.T.);
#2110=ORIENTED_EDGE('',*,*,#1359,.T.);
#2111=ORIENTED_EDGE('',*,*,#1356,.T.);
#2112=ORIENTED_EDGE('',*,*,#1353,.T.);
#2113=ORIENTED_EDGE('',*,*,#1350,.T.);
#2114=ORIENTED_EDGE('',*,*,#1347,.T.);
#2115=ORIENTED_EDGE('',*,*,#1344,.T.);
#2116=ORIENTED_EDGE('',*,*,#1341,.T.);
#2117=ORIENTED_EDGE('',*,*,#1338,.T.);
#2118=ORIENTED_EDGE('',*,*,#1335,.T.);
#2119=ORIENTED_EDGE('',*,*,#1332,.T.);
#2120=ORIENTED_EDGE('',*,*,#1329,.T.);
#2121=ORIENTED_EDGE('',*,*,#1324,.T.);
#2122=ORIENTED_EDGE('',*,*,#1529,.F.);
#2123=ORIENTED_EDGE('',*,*,#1327,.F.);
#2124=ORIENTED_EDGE('',*,*,#1331,.F.);
#2125=ORIENTED_EDGE('',*,*,#1334,.F.);
#2126=ORIENTED_EDGE('',*,*,#1337,.F.);
#2127=ORIENTED_EDGE('',*,*,#1340,.F.);
#2128=ORIENTED_EDGE('',*,*,#1343,.F.);
#2129=ORIENTED_EDGE('',*,*,#1346,.F.);
#2130=ORIENTED_EDGE('',*,*,#1349,.F.);
#2131=ORIENTED_EDGE('',*,*,#1352,.F.);
#2132=ORIENTED_EDGE('',*,*,#1355,.F.);
#2133=ORIENTED_EDGE('',*,*,#1358,.F.);
#2134=ORIENTED_EDGE('',*,*,#1361,.F.);
#2135=ORIENTED_EDGE('',*,*,#1364,.F.);
#2136=ORIENTED_EDGE('',*,*,#1367,.F.);
#2137=ORIENTED_EDGE('',*,*,#1370,.F.);
#2138=ORIENTED_EDGE('',*,*,#1373,.F.);
#2139=ORIENTED_EDGE('',*,*,#1376,.F.);
#2140=ORIENTED_EDGE('',*,*,#1379,.F.);
#2141=ORIENTED_EDGE('',*,*,#1382,.F.);
#2142=ORIENTED_EDGE('',*,*,#1385,.F.);
#2143=ORIENTED_EDGE('',*,*,#1388,.F.);
#2144=ORIENTED_EDGE('',*,*,#1391,.F.);
#2145=ORIENTED_EDGE('',*,*,#1394,.F.);
#2146=ORIENTED_EDGE('',*,*,#1397,.F.);
#2147=ORIENTED_EDGE('',*,*,#1400,.F.);
#2148=ORIENTED_EDGE('',*,*,#1403,.F.);
#2149=ORIENTED_EDGE('',*,*,#1406,.F.);
#2150=ORIENTED_EDGE('',*,*,#1409,.F.);
#2151=ORIENTED_EDGE('',*,*,#1412,.F.);
#2152=ORIENTED_EDGE('',*,*,#1415,.F.);
#2153=ORIENTED_EDGE('',*,*,#1418,.F.);
#2154=ORIENTED_EDGE('',*,*,#1421,.F.);
#2155=ORIENTED_EDGE('',*,*,#1424,.F.);
#2156=ORIENTED_EDGE('',*,*,#1427,.F.);
#2157=ORIENTED_EDGE('',*,*,#1430,.F.);
#2158=ORIENTED_EDGE('',*,*,#1433,.F.);
#2159=ORIENTED_EDGE('',*,*,#1436,.F.);
#2160=ORIENTED_EDGE('',*,*,#1439,.F.);
#2161=ORIENTED_EDGE('',*,*,#1442,.F.);
#2162=ORIENTED_EDGE('',*,*,#1445,.F.);
#2163=ORIENTED_EDGE('',*,*,#1448,.F.);
#2164=ORIENTED_EDGE('',*,*,#1451,.F.);
#2165=ORIENTED_EDGE('',*,*,#1454,.F.);
#2166=ORIENTED_EDGE('',*,*,#1457,.F.);
#2167=ORIENTED_EDGE('',*,*,#1460,.F.);
#2168=ORIENTED_EDGE('',*,*,#1463,.F.);
#2169=ORIENTED_EDGE('',*,*,#1466,.F.);
#2170=ORIENTED_EDGE('',*,*,#1469,.F.);
#2171=ORIENTED_EDGE('',*,*,#1472,.F.);
#2172=ORIENTED_EDGE('',*,*,#1475,.F.);
#2173=ORIENTED_EDGE('',*,*,#1478,.F.);
#2174=ORIENTED_EDGE('',*,*,#1481,.F.);
#2175=ORIENTED_EDGE('',*,*,#1484,.F.);
#2176=ORIENTED_EDGE('',*,*,#1487,.F.);
#2177=ORIENTED_EDGE('',*,*,#1490,.F.);
#2178=ORIENTED_EDGE('',*,*,#1493,.F.);
#2179=ORIENTED_EDGE('',*,*,#1496,.F.);
#2180=ORIENTED_EDGE('',*,*,#1499,.F.);
#2181=ORIENTED_EDGE('',*,*,#1502,.F.);
#2182=ORIENTED_EDGE('',*,*,#1505,.F.);
#2183=ORIENTED_EDGE('',*,*,#1508,.F.);
#2184=ORIENTED_EDGE('',*,*,#1511,.F.);
#2185=ORIENTED_EDGE('',*,*,#1514,.F.);
#2186=ORIENTED_EDGE('',*,*,#1517,.F.);
#2187=ORIENTED_EDGE('',*,*,#1520,.F.);
#2188=ORIENTED_EDGE('',*,*,#1523,.F.);
#2189=ORIENTED_EDGE('',*,*,#1526,.F.);
#2190=ORIENTED_EDGE('',*,*,#1326,.F.);
#2191=PLANE('',#2570);
#2192=PLANE('',#2571);
#2193=PLANE('',#2572);
#2194=PLANE('',#2573);
#2195=PLANE('',#2574);
#2196=PLANE('',#2575);
#2197=PLANE('',#2577);
#2198=PLANE('',#2578);
#2199=PLANE('',#2579);
#2200=PLANE('',#2580);
#2201=PLANE('',#2581);
#2202=PLANE('',#2582);
#2203=PLANE('',#2593);
#2204=PLANE('',#2600);
#2205=PLANE('',#2601);
#2206=PLANE('',#2602);
#2207=PLANE('',#2603);
#2208=PLANE('',#2604);
#2209=PLANE('',#2605);
#2210=PLANE('',#2606);
#2211=PLANE('',#2607);
#2212=PLANE('',#2608);
#2213=PLANE('',#2609);
#2214=PLANE('',#2610);
#2215=PLANE('',#2611);
#2216=PLANE('',#2612);
#2217=PLANE('',#2613);
#2218=PLANE('',#2614);
#2219=PLANE('',#2615);
#2220=PLANE('',#2616);
#2221=PLANE('',#2617);
#2222=PLANE('',#2618);
#2223=PLANE('',#2619);
#2224=PLANE('',#2630);
#2225=PLANE('',#2634);
#2226=PLANE('',#2635);
#2227=PLANE('',#2636);
#2228=PLANE('',#2637);
#2229=PLANE('',#2638);
#2230=PLANE('',#2639);
#2231=PLANE('',#2640);
#2232=PLANE('',#2641);
#2233=PLANE('',#2642);
#2234=PLANE('',#2643);
#2235=PLANE('',#2648);
#2236=PLANE('',#2649);
#2237=PLANE('',#2650);
#2238=PLANE('',#2651);
#2239=PLANE('',#2652);
#2240=PLANE('',#2653);
#2241=PLANE('',#2657);
#2242=PLANE('',#2658);
#2243=PLANE('',#2659);
#2244=PLANE('',#2660);
#2245=PLANE('',#2661);
#2246=PLANE('',#2662);
#2247=PLANE('',#2663);
#2248=PLANE('',#2664);
#2249=PLANE('',#2665);
#2250=PLANE('',#2666);
#2251=PLANE('',#2667);
#2252=PLANE('',#2668);
#2253=PLANE('',#2669);
#2254=PLANE('',#2670);
#2255=PLANE('',#2671);
#2256=PLANE('',#2672);
#2257=PLANE('',#2676);
#2258=PLANE('',#2677);
#2259=PLANE('',#2678);
#2260=PLANE('',#2679);
#2261=PLANE('',#2680);
#2262=PLANE('',#2681);
#2263=PLANE('',#2682);
#2264=PLANE('',#2683);
#2265=PLANE('',#2684);
#2266=PLANE('',#2685);
#2267=PLANE('',#2686);
#2268=PLANE('',#2687);
#2269=PLANE('',#2688);
#2270=PLANE('',#2689);
#2271=PLANE('',#2690);
#2272=PLANE('',#2691);
#2273=PLANE('',#2695);
#2274=PLANE('',#2696);
#2275=PLANE('',#2697);
#2276=PLANE('',#2698);
#2277=PLANE('',#2699);
#2278=PLANE('',#2700);
#2279=PLANE('',#2701);
#2280=PLANE('',#2702);
#2281=PLANE('',#2703);
#2282=PLANE('',#2704);
#2283=PLANE('',#2705);
#2284=PLANE('',#2706);
#2285=PLANE('',#2707);
#2286=PLANE('',#2708);
#2287=PLANE('',#2709);
#2288=PLANE('',#2710);
#2289=PLANE('',#2714);
#2290=PLANE('',#2715);
#2291=PLANE('',#2716);
#2292=PLANE('',#2717);
#2293=PLANE('',#2718);
#2294=PLANE('',#2719);
#2295=PLANE('',#2720);
#2296=PLANE('',#2721);
#2297=PLANE('',#2722);
#2298=PLANE('',#2723);
#2299=PLANE('',#2724);
#2300=PLANE('',#2725);
#2301=ADVANCED_FACE('',(#111),#2191,.T.);
#2302=ADVANCED_FACE('',(#112),#2192,.T.);
#2303=ADVANCED_FACE('',(#113),#2193,.T.);
#2304=ADVANCED_FACE('',(#114),#2194,.T.);
#2305=ADVANCED_FACE('',(#115),#2195,.T.);
#2306=ADVANCED_FACE('',(#116),#2196,.F.);
#2307=ADVANCED_FACE('',(#117),#2197,.T.);
#2308=ADVANCED_FACE('',(#118),#2198,.T.);
#2309=ADVANCED_FACE('',(#119),#2199,.T.);
#2310=ADVANCED_FACE('',(#120),#2200,.T.);
#2311=ADVANCED_FACE('',(#121),#2201,.T.);
#2312=ADVANCED_FACE('',(#122),#2202,.F.);
#2313=ADVANCED_FACE('',(#123),#77,.F.);
#2314=ADVANCED_FACE('',(#124),#78,.F.);
#2315=ADVANCED_FACE('',(#125),#79,.F.);
#2316=ADVANCED_FACE('',(#126,#31),#2203,.F.);
#2317=ADVANCED_FACE('',(#127),#80,.F.);
#2318=ADVANCED_FACE('',(#128),#81,.F.);
#2319=ADVANCED_FACE('',(#129,#32),#2204,.T.);
#2320=ADVANCED_FACE('',(#130),#2205,.F.);
#2321=ADVANCED_FACE('',(#131),#2206,.F.);
#2322=ADVANCED_FACE('',(#132),#2207,.F.);
#2323=ADVANCED_FACE('',(#133),#2208,.F.);
#2324=ADVANCED_FACE('',(#134,#33),#2209,.T.);
#2325=ADVANCED_FACE('',(#135),#2210,.T.);
#2326=ADVANCED_FACE('',(#136,#34),#2211,.T.);
#2327=ADVANCED_FACE('',(#137),#2212,.T.);
#2328=ADVANCED_FACE('',(#138),#2213,.T.);
#2329=ADVANCED_FACE('',(#139),#2214,.T.);
#2330=ADVANCED_FACE('',(#140),#2215,.T.);
#2331=ADVANCED_FACE('',(#141),#2216,.T.);
#2332=ADVANCED_FACE('',(#142,#35),#2217,.T.);
#2333=ADVANCED_FACE('',(#143,#36),#2218,.T.);
#2334=ADVANCED_FACE('',(#144,#37),#2219,.T.);
#2335=ADVANCED_FACE('',(#145),#2220,.T.);
#2336=ADVANCED_FACE('',(#146),#2221,.T.);
#2337=ADVANCED_FACE('',(#147,#38),#2222,.T.);
#2338=ADVANCED_FACE('',(#148,#39),#2223,.T.);
#2339=ADVANCED_FACE('',(#149),#82,.F.);
#2340=ADVANCED_FACE('',(#150),#83,.F.);
#2341=ADVANCED_FACE('',(#151),#84,.F.);
#2342=ADVANCED_FACE('',(#152,#40),#2224,.T.);
#2343=ADVANCED_FACE('',(#153),#85,.F.);
#2344=ADVANCED_FACE('',(#154,#41),#2225,.T.);
#2345=ADVANCED_FACE('',(#155),#2226,.T.);
#2346=ADVANCED_FACE('',(#156,#42),#2227,.T.);
#2347=ADVANCED_FACE('',(#157),#2228,.T.);
#2348=ADVANCED_FACE('',(#158,#43),#2229,.T.);
#2349=ADVANCED_FACE('',(#159),#2230,.T.);
#2350=ADVANCED_FACE('',(#160,#44),#2231,.T.);
#2351=ADVANCED_FACE('',(#161),#2232,.T.);
#2352=ADVANCED_FACE('',(#162,#45),#2233,.T.);
#2353=ADVANCED_FACE('',(#163,#46),#2234,.F.);
#2354=ADVANCED_FACE('',(#164),#86,.F.);
#2355=ADVANCED_FACE('',(#165),#2235,.T.);
#2356=ADVANCED_FACE('',(#166),#2236,.T.);
#2357=ADVANCED_FACE('',(#167),#2237,.T.);
#2358=ADVANCED_FACE('',(#168),#2238,.T.);
#2359=ADVANCED_FACE('',(#169),#2239,.T.);
#2360=ADVANCED_FACE('',(#170),#2240,.T.);
#2361=ADVANCED_FACE('',(#171),#87,.T.);
#2362=ADVANCED_FACE('',(#172),#2241,.T.);
#2363=ADVANCED_FACE('',(#173),#2242,.T.);
#2364=ADVANCED_FACE('',(#174),#2243,.T.);
#2365=ADVANCED_FACE('',(#175),#2244,.T.);
#2366=ADVANCED_FACE('',(#176),#2245,.T.);
#2367=ADVANCED_FACE('',(#177),#2246,.T.);
#2368=ADVANCED_FACE('',(#178),#2247,.T.);
#2369=ADVANCED_FACE('',(#179),#2248,.T.);
#2370=ADVANCED_FACE('',(#180),#2249,.T.);
#2371=ADVANCED_FACE('',(#181),#2250,.T.);
#2372=ADVANCED_FACE('',(#182),#2251,.T.);
#2373=ADVANCED_FACE('',(#183),#2252,.T.);
#2374=ADVANCED_FACE('',(#184),#2253,.T.);
#2375=ADVANCED_FACE('',(#185),#2254,.T.);
#2376=ADVANCED_FACE('',(#186),#2255,.T.);
#2377=ADVANCED_FACE('',(#187),#2256,.T.);
#2378=ADVANCED_FACE('',(#188),#88,.T.);
#2379=ADVANCED_FACE('',(#189),#2257,.T.);
#2380=ADVANCED_FACE('',(#190),#2258,.T.);
#2381=ADVANCED_FACE('',(#191),#2259,.T.);
#2382=ADVANCED_FACE('',(#192),#2260,.T.);
#2383=ADVANCED_FACE('',(#193),#2261,.T.);
#2384=ADVANCED_FACE('',(#194),#2262,.T.);
#2385=ADVANCED_FACE('',(#195),#2263,.T.);
#2386=ADVANCED_FACE('',(#196),#2264,.T.);
#2387=ADVANCED_FACE('',(#197),#2265,.T.);
#2388=ADVANCED_FACE('',(#198),#2266,.T.);
#2389=ADVANCED_FACE('',(#199),#2267,.T.);
#2390=ADVANCED_FACE('',(#200),#2268,.T.);
#2391=ADVANCED_FACE('',(#201),#2269,.T.);
#2392=ADVANCED_FACE('',(#202),#2270,.T.);
#2393=ADVANCED_FACE('',(#203),#2271,.T.);
#2394=ADVANCED_FACE('',(#204),#2272,.T.);
#2395=ADVANCED_FACE('',(#205),#89,.T.);
#2396=ADVANCED_FACE('',(#206),#2273,.T.);
#2397=ADVANCED_FACE('',(#207),#2274,.T.);
#2398=ADVANCED_FACE('',(#208),#2275,.T.);
#2399=ADVANCED_FACE('',(#209),#2276,.T.);
#2400=ADVANCED_FACE('',(#210),#2277,.T.);
#2401=ADVANCED_FACE('',(#211),#2278,.T.);
#2402=ADVANCED_FACE('',(#212),#2279,.T.);
#2403=ADVANCED_FACE('',(#213),#2280,.T.);
#2404=ADVANCED_FACE('',(#214),#2281,.T.);
#2405=ADVANCED_FACE('',(#215),#2282,.T.);
#2406=ADVANCED_FACE('',(#216),#2283,.T.);
#2407=ADVANCED_FACE('',(#217),#2284,.T.);
#2408=ADVANCED_FACE('',(#218),#2285,.T.);
#2409=ADVANCED_FACE('',(#219),#2286,.T.);
#2410=ADVANCED_FACE('',(#220),#2287,.T.);
#2411=ADVANCED_FACE('',(#221),#2288,.T.);
#2412=ADVANCED_FACE('',(#222),#90,.T.);
#2413=ADVANCED_FACE('',(#223),#2289,.T.);
#2414=ADVANCED_FACE('',(#224),#2290,.T.);
#2415=ADVANCED_FACE('',(#225),#2291,.T.);
#2416=ADVANCED_FACE('',(#226),#2292,.T.);
#2417=ADVANCED_FACE('',(#227),#2293,.T.);
#2418=ADVANCED_FACE('',(#228),#2294,.T.);
#2419=ADVANCED_FACE('',(#229),#2295,.T.);
#2420=ADVANCED_FACE('',(#230),#2296,.T.);
#2421=ADVANCED_FACE('',(#231),#2297,.T.);
#2422=ADVANCED_FACE('',(#232),#2298,.T.);
#2423=ADVANCED_FACE('',(#233,#47),#2299,.T.);
#2424=ADVANCED_FACE('',(#234,#48),#2300,.F.);
#2425=CLOSED_SHELL('',(#2301,#2302,#2303,#2304,#2305,#2306));
#2426=CLOSED_SHELL('',(#2307,#2308,#2309,#2310,#2311,#2312));
#2427=CLOSED_SHELL('',(#2313,#2314,#2315,#2316,#2317,#2318,#2319,#2320,
#2321,#2322,#2323,#2324,#2325,#2326,#2327,#2328,#2329,#2330,#2331,#2332,
#2333,#2334,#2335,#2336,#2337,#2338));
#2428=CLOSED_SHELL('',(#2339,#2340,#2341,#2342,#2343,#2344,#2345,#2346,
#2347,#2348,#2349,#2350,#2351,#2352,#2353));
#2429=CLOSED_SHELL('',(#2354,#2355,#2356,#2357,#2358,#2359,#2360,#2361,
#2362,#2363,#2364,#2365,#2366,#2367,#2368,#2369,#2370,#2371,#2372,#2373,
#2374,#2375,#2376,#2377,#2378,#2379,#2380,#2381,#2382,#2383,#2384,#2385,
#2386,#2387,#2388,#2389,#2390,#2391,#2392,#2393,#2394,#2395,#2396,#2397,
#2398,#2399,#2400,#2401,#2402,#2403,#2404,#2405,#2406,#2407,#2408,#2409,
#2410,#2411,#2412,#2413,#2414,#2415,#2416,#2417,#2418,#2419,#2420,#2421,
#2422,#2423,#2424));
#2430=DERIVED_UNIT_ELEMENT(#2441,1.);
#2431=DERIVED_UNIT_ELEMENT(#4059,-3.);
#2432=DERIVED_UNIT_ELEMENT(#2441,1.);
#2433=DERIVED_UNIT_ELEMENT(#4059,-3.);
#2434=DERIVED_UNIT_ELEMENT(#2441,1.);
#2435=DERIVED_UNIT_ELEMENT(#4059,-3.);
#2436=DERIVED_UNIT_ELEMENT(#2441,1.);
#2437=DERIVED_UNIT_ELEMENT(#4059,-3.);
#2438=DERIVED_UNIT_ELEMENT(#2441,1.);
#2439=DERIVED_UNIT_ELEMENT(#4059,-3.);
#2440=DIMENSIONAL_EXPONENTS(0.,1.,0.,0.,0.,0.,0.);
#2441=(
CONVERSION_BASED_UNIT('gram',#2443)
MASS_UNIT()
NAMED_UNIT(#2440)
);
#2442=(
MASS_UNIT()
NAMED_UNIT(*)
SI_UNIT(.KILO.,.GRAM.)
);
#2443=MASS_MEASURE_WITH_UNIT(MASS_MEASURE(0.001),#2442);
#2444=DERIVED_UNIT((#2430,#2431));
#2445=DERIVED_UNIT((#2432,#2433));
#2446=DERIVED_UNIT((#2434,#2435));
#2447=DERIVED_UNIT((#2436,#2437));
#2448=DERIVED_UNIT((#2438,#2439));
#2449=MEASURE_REPRESENTATION_ITEM('density measure',
POSITIVE_RATIO_MEASURE(1.),#2444);
#2450=MEASURE_REPRESENTATION_ITEM('density measure',
POSITIVE_RATIO_MEASURE(1.),#2445);
#2451=MEASURE_REPRESENTATION_ITEM('density measure',
POSITIVE_RATIO_MEASURE(1.),#2446);
#2452=MEASURE_REPRESENTATION_ITEM('density measure',
POSITIVE_RATIO_MEASURE(1.),#2447);
#2453=MEASURE_REPRESENTATION_ITEM('density measure',
POSITIVE_RATIO_MEASURE(2.7),#2448);
#2454=PROPERTY_DEFINITION_REPRESENTATION(#2479,#2464);
#2455=PROPERTY_DEFINITION_REPRESENTATION(#2480,#2465);
#2456=PROPERTY_DEFINITION_REPRESENTATION(#2481,#2466);
#2457=PROPERTY_DEFINITION_REPRESENTATION(#2482,#2467);
#2458=PROPERTY_DEFINITION_REPRESENTATION(#2483,#2468);
#2459=PROPERTY_DEFINITION_REPRESENTATION(#2484,#2469);
#2460=PROPERTY_DEFINITION_REPRESENTATION(#2485,#2470);
#2461=PROPERTY_DEFINITION_REPRESENTATION(#2486,#2471);
#2462=PROPERTY_DEFINITION_REPRESENTATION(#2487,#2472);
#2463=PROPERTY_DEFINITION_REPRESENTATION(#2488,#2473);
#2464=REPRESENTATION('material name',(#2474),#4052);
#2465=REPRESENTATION('density',(#2449),#4052);
#2466=REPRESENTATION('material name',(#2475),#4053);
#2467=REPRESENTATION('density',(#2450),#4053);
#2468=REPRESENTATION('material name',(#2476),#4054);
#2469=REPRESENTATION('density',(#2451),#4054);
#2470=REPRESENTATION('material name',(#2477),#4055);
#2471=REPRESENTATION('density',(#2452),#4055);
#2472=REPRESENTATION('material name',(#2478),#4056);
#2473=REPRESENTATION('density',(#2453),#4056);
#2474=DESCRIPTIVE_REPRESENTATION_ITEM('Generic','Generic');
#2475=DESCRIPTIVE_REPRESENTATION_ITEM('Generic','Generic');
#2476=DESCRIPTIVE_REPRESENTATION_ITEM('Generic','Generic');
#2477=DESCRIPTIVE_REPRESENTATION_ITEM('Generic','Generic');
#2478=DESCRIPTIVE_REPRESENTATION_ITEM('Aluminum 6061','Aluminum 6061');
#2479=PROPERTY_DEFINITION('material property','material name',#4087);
#2480=PROPERTY_DEFINITION('material property','density of part',#4087);
#2481=PROPERTY_DEFINITION('material property','material name',#4088);
#2482=PROPERTY_DEFINITION('material property','density of part',#4088);
#2483=PROPERTY_DEFINITION('material property','material name',#4089);
#2484=PROPERTY_DEFINITION('material property','density of part',#4089);
#2485=PROPERTY_DEFINITION('material property','material name',#4090);
#2486=PROPERTY_DEFINITION('material property','density of part',#4090);
#2487=PROPERTY_DEFINITION('material property','material name',#4091);
#2488=PROPERTY_DEFINITION('material property','density of part',#4091);
#2489=PRESENTATION_STYLE_ASSIGNMENT((#2494));
#2490=PRESENTATION_STYLE_ASSIGNMENT((#2495));
#2491=PRESENTATION_STYLE_ASSIGNMENT((#2496));
#2492=PRESENTATION_STYLE_ASSIGNMENT((#2497));
#2493=PRESENTATION_STYLE_ASSIGNMENT((#2498));
#2494=SURFACE_STYLE_USAGE(.BOTH.,#2507);
#2495=SURFACE_STYLE_USAGE(.BOTH.,#2508);
#2496=SURFACE_STYLE_USAGE(.BOTH.,#2509);
#2497=SURFACE_STYLE_USAGE(.BOTH.,#2510);
#2498=SURFACE_STYLE_USAGE(.BOTH.,#2511);
#2499=SURFACE_STYLE_RENDERING_WITH_PROPERTIES($,#2527,(#2503));
#2500=SURFACE_STYLE_RENDERING_WITH_PROPERTIES($,#2529,(#2504));
#2501=SURFACE_STYLE_RENDERING_WITH_PROPERTIES($,#2530,(#2505));
#2502=SURFACE_STYLE_RENDERING_WITH_PROPERTIES($,#2531,(#2506));
#2503=SURFACE_STYLE_TRANSPARENT(0.);
#2504=SURFACE_STYLE_TRANSPARENT(0.);
#2505=SURFACE_STYLE_TRANSPARENT(0.);
#2506=SURFACE_STYLE_TRANSPARENT(0.);
#2507=SURFACE_SIDE_STYLE('',(#2512,#2499));
#2508=SURFACE_SIDE_STYLE('',(#2513));
#2509=SURFACE_SIDE_STYLE('',(#2514,#2500));
#2510=SURFACE_SIDE_STYLE('',(#2515,#2501));
#2511=SURFACE_SIDE_STYLE('',(#2516,#2502));
#2512=SURFACE_STYLE_FILL_AREA(#2517);
#2513=SURFACE_STYLE_FILL_AREA(#2518);
#2514=SURFACE_STYLE_FILL_AREA(#2519);
#2515=SURFACE_STYLE_FILL_AREA(#2520);
#2516=SURFACE_STYLE_FILL_AREA(#2521);
#2517=FILL_AREA_STYLE('',(#2522));
#2518=FILL_AREA_STYLE('',(#2523));
#2519=FILL_AREA_STYLE('',(#2524));
#2520=FILL_AREA_STYLE('',(#2525));
#2521=FILL_AREA_STYLE('',(#2526));
#2522=FILL_AREA_STYLE_COLOUR('',#2527);
#2523=FILL_AREA_STYLE_COLOUR('',#2528);
#2524=FILL_AREA_STYLE_COLOUR('',#2529);
#2525=FILL_AREA_STYLE_COLOUR('',#2530);
#2526=FILL_AREA_STYLE_COLOUR('',#2531);
#2527=COLOUR_RGB('',0.749019607843137,0.749019607843137,0.749019607843137);
#2528=COLOUR_RGB('',0.164705882352941,0.164705882352941,0.164705882352941);
#2529=COLOUR_RGB('',0.513725490196078,0.345098039215686,0.772549019607843);
#2530=COLOUR_RGB('',0.411764705882353,0.411764705882353,0.411764705882353);
#2531=COLOUR_RGB('',0.996078431372549,0.996078431372549,1.);
#2532=DATE_TIME_ROLE('creation_date');
#2533=DATE_TIME_ROLE('creation_date');
#2534=DATE_TIME_ROLE('creation_date');
#2535=DATE_TIME_ROLE('creation_date');
#2536=DATE_TIME_ROLE('creation_date');
#2537=DATE_TIME_ROLE('creation_date');
#2538=APPLIED_DATE_AND_TIME_ASSIGNMENT(#2544,#2532,(#4086));
#2539=APPLIED_DATE_AND_TIME_ASSIGNMENT(#2545,#2533,(#4087));
#2540=APPLIED_DATE_AND_TIME_ASSIGNMENT(#2546,#2534,(#4088));
#2541=APPLIED_DATE_AND_TIME_ASSIGNMENT(#2547,#2535,(#4089));
#2542=APPLIED_DATE_AND_TIME_ASSIGNMENT(#2548,#2536,(#4090));
#2543=APPLIED_DATE_AND_TIME_ASSIGNMENT(#2549,#2537,(#4091));
#2544=DATE_AND_TIME(#2550,#2556);
#2545=DATE_AND_TIME(#2551,#2557);
#2546=DATE_AND_TIME(#2552,#2558);
#2547=DATE_AND_TIME(#2553,#2559);
#2548=DATE_AND_TIME(#2554,#2560);
#2549=DATE_AND_TIME(#2555,#2561);
#2550=CALENDAR_DATE(2026,13,4);
#2551=CALENDAR_DATE(2026,13,4);
#2552=CALENDAR_DATE(2026,13,4);
#2553=CALENDAR_DATE(2026,13,4);
#2554=CALENDAR_DATE(2026,13,4);
#2555=CALENDAR_DATE(2024,26,11);
#2556=LOCAL_TIME(0,0,0.,#2562);
#2557=LOCAL_TIME(0,0,0.,#2563);
#2558=LOCAL_TIME(0,0,0.,#2564);
#2559=LOCAL_TIME(0,0,0.,#2565);
#2560=LOCAL_TIME(0,0,0.,#2566);
#2561=LOCAL_TIME(0,0,0.,#2567);
#2562=COORDINATED_UNIVERSAL_TIME_OFFSET(0,0,.BEHIND.);
#2563=COORDINATED_UNIVERSAL_TIME_OFFSET(0,0,.BEHIND.);
#2564=COORDINATED_UNIVERSAL_TIME_OFFSET(0,0,.BEHIND.);
#2565=COORDINATED_UNIVERSAL_TIME_OFFSET(0,0,.BEHIND.);
#2566=COORDINATED_UNIVERSAL_TIME_OFFSET(0,0,.BEHIND.);
#2567=COORDINATED_UNIVERSAL_TIME_OFFSET(0,0,.BEHIND.);
#2568=AXIS2_PLACEMENT_3D('',#3359,#2731,#2732);
#2569=AXIS2_PLACEMENT_3D('',#3360,#2733,#2734);
#2570=AXIS2_PLACEMENT_3D('',#3361,#2735,#2736);
#2571=AXIS2_PLACEMENT_3D('',#3370,#2741,#2742);
#2572=AXIS2_PLACEMENT_3D('',#3376,#2746,#2747);
#2573=AXIS2_PLACEMENT_3D('',#3382,#2751,#2752);
#2574=AXIS2_PLACEMENT_3D('',#3385,#2755,#2756);
#2575=AXIS2_PLACEMENT_3D('',#3386,#2757,#2758);
#2576=AXIS2_PLACEMENT_3D('',#3387,#2759,#2760);
#2577=AXIS2_PLACEMENT_3D('',#3388,#2761,#2762);
#2578=AXIS2_PLACEMENT_3D('',#3397,#2767,#2768);
#2579=AXIS2_PLACEMENT_3D('',#3403,#2772,#2773);
#2580=AXIS2_PLACEMENT_3D('',#3409,#2777,#2778);
#2581=AXIS2_PLACEMENT_3D('',#3412,#2781,#2782);
#2582=AXIS2_PLACEMENT_3D('',#3413,#2783,#2784);
#2583=AXIS2_PLACEMENT_3D('',#3414,#2785,#2786);
#2584=AXIS2_PLACEMENT_3D('',#3415,#2787,#2788);
#2585=AXIS2_PLACEMENT_3D('',#3417,#2789,#2790);
#2586=AXIS2_PLACEMENT_3D('',#3420,#2792,#2793);
#2587=AXIS2_PLACEMENT_3D('',#3421,#2794,#2795);
#2588=AXIS2_PLACEMENT_3D('',#3423,#2796,#2797);
#2589=AXIS2_PLACEMENT_3D('',#3426,#2799,#2800);
#2590=AXIS2_PLACEMENT_3D('',#3427,#2801,#2802);
#2591=AXIS2_PLACEMENT_3D('',#3429,#2803,#2804);
#2592=AXIS2_PLACEMENT_3D('',#3432,#2806,#2807);
#2593=AXIS2_PLACEMENT_3D('',#3433,#2808,#2809);
#2594=AXIS2_PLACEMENT_3D('',#3434,#2810,#2811);
#2595=AXIS2_PLACEMENT_3D('',#3436,#2812,#2813);
#2596=AXIS2_PLACEMENT_3D('',#3439,#2815,#2816);
#2597=AXIS2_PLACEMENT_3D('',#3440,#2817,#2818);
#2598=AXIS2_PLACEMENT_3D('',#3442,#2819,#2820);
#2599=AXIS2_PLACEMENT_3D('',#3445,#2822,#2823);
#2600=AXIS2_PLACEMENT_3D('',#3446,#2824,#2825);
#2601=AXIS2_PLACEMENT_3D('',#3447,#2826,#2827);
#2602=AXIS2_PLACEMENT_3D('',#3464,#2836,#2837);
#2603=AXIS2_PLACEMENT_3D('',#3470,#2841,#2842);
#2604=AXIS2_PLACEMENT_3D('',#3474,#2845,#2846);
#2605=AXIS2_PLACEMENT_3D('',#3478,#2849,#2850);
#2606=AXIS2_PLACEMENT_3D('',#3488,#2856,#2857);
#2607=AXIS2_PLACEMENT_3D('',#3494,#2861,#2862);
#2608=AXIS2_PLACEMENT_3D('',#3500,#2866,#2867);
#2609=AXIS2_PLACEMENT_3D('',#3504,#2870,#2871);
#2610=AXIS2_PLACEMENT_3D('',#3508,#2874,#2875);
#2611=AXIS2_PLACEMENT_3D('',#3512,#2878,#2879);
#2612=AXIS2_PLACEMENT_3D('',#3514,#2881,#2882);
#2613=AXIS2_PLACEMENT_3D('',#3526,#2889,#2890);
#2614=AXIS2_PLACEMENT_3D('',#3527,#2891,#2892);
#2615=AXIS2_PLACEMENT_3D('',#3533,#2896,#2897);
#2616=AXIS2_PLACEMENT_3D('',#3535,#2899,#2900);
#2617=AXIS2_PLACEMENT_3D('',#3539,#2903,#2904);
#2618=AXIS2_PLACEMENT_3D('',#3543,#2907,#2908);
#2619=AXIS2_PLACEMENT_3D('',#3545,#2910,#2911);
#2620=AXIS2_PLACEMENT_3D('',#3546,#2912,#2913);
#2621=AXIS2_PLACEMENT_3D('',#3547,#2914,#2915);
#2622=AXIS2_PLACEMENT_3D('',#3549,#2916,#2917);
#2623=AXIS2_PLACEMENT_3D('',#3552,#2919,#2920);
#2624=AXIS2_PLACEMENT_3D('',#3553,#2921,#2922);
#2625=AXIS2_PLACEMENT_3D('',#3555,#2923,#2924);
#2626=AXIS2_PLACEMENT_3D('',#3558,#2926,#2927);
#2627=AXIS2_PLACEMENT_3D('',#3559,#2928,#2929);
#2628=AXIS2_PLACEMENT_3D('',#3561,#2930,#2931);
#2629=AXIS2_PLACEMENT_3D('',#3564,#2933,#2934);
#2630=AXIS2_PLACEMENT_3D('',#3565,#2935,#2936);
#2631=AXIS2_PLACEMENT_3D('',#3567,#2937,#2938);
#2632=AXIS2_PLACEMENT_3D('',#3568,#2939,#2940);
#2633=AXIS2_PLACEMENT_3D('',#3570,#2941,#2942);
#2634=AXIS2_PLACEMENT_3D('',#3572,#2944,#2945);
#2635=AXIS2_PLACEMENT_3D('',#3581,#2950,#2951);
#2636=AXIS2_PLACEMENT_3D('',#3587,#2955,#2956);
#2637=AXIS2_PLACEMENT_3D('',#3596,#2961,#2962);
#2638=AXIS2_PLACEMENT_3D('',#3602,#2966,#2967);
#2639=AXIS2_PLACEMENT_3D('',#3605,#2970,#2971);
#2640=AXIS2_PLACEMENT_3D('',#3611,#2975,#2976);
#2641=AXIS2_PLACEMENT_3D('',#3615,#2979,#2980);
#2642=AXIS2_PLACEMENT_3D('',#3619,#2983,#2984);
#2643=AXIS2_PLACEMENT_3D('',#3621,#2986,#2987);
#2644=AXIS2_PLACEMENT_3D('',#3622,#2988,#2989);
#2645=AXIS2_PLACEMENT_3D('',#3623,#2990,#2991);
#2646=AXIS2_PLACEMENT_3D('',#3625,#2992,#2993);
#2647=AXIS2_PLACEMENT_3D('',#3628,#2995,#2996);
#2648=AXIS2_PLACEMENT_3D('',#3629,#2997,#2998);
#2649=AXIS2_PLACEMENT_3D('',#3638,#3003,#3004);
#2650=AXIS2_PLACEMENT_3D('',#3644,#3008,#3009);
#2651=AXIS2_PLACEMENT_3D('',#3650,#3013,#3014);
#2652=AXIS2_PLACEMENT_3D('',#3656,#3018,#3019);
#2653=AXIS2_PLACEMENT_3D('',#3662,#3023,#3024);
#2654=AXIS2_PLACEMENT_3D('',#3668,#3028,#3029);
#2655=AXIS2_PLACEMENT_3D('',#3670,#3030,#3031);
#2656=AXIS2_PLACEMENT_3D('',#3672,#3032,#3033);
#2657=AXIS2_PLACEMENT_3D('',#3674,#3035,#3036);
#2658=AXIS2_PLACEMENT_3D('',#3680,#3040,#3041);
#2659=AXIS2_PLACEMENT_3D('',#3686,#3045,#3046);
#2660=AXIS2_PLACEMENT_3D('',#3692,#3050,#3051);
#2661=AXIS2_PLACEMENT_3D('',#3698,#3055,#3056);
#2662=AXIS2_PLACEMENT_3D('',#3704,#3060,#3061);
#2663=AXIS2_PLACEMENT_3D('',#3710,#3065,#3066);
#2664=AXIS2_PLACEMENT_3D('',#3716,#3070,#3071);
#2665=AXIS2_PLACEMENT_3D('',#3722,#3075,#3076);
#2666=AXIS2_PLACEMENT_3D('',#3728,#3080,#3081);
#2667=AXIS2_PLACEMENT_3D('',#3734,#3085,#3086);
#2668=AXIS2_PLACEMENT_3D('',#3740,#3090,#3091);
#2669=AXIS2_PLACEMENT_3D('',#3746,#3095,#3096);
#2670=AXIS2_PLACEMENT_3D('',#3752,#3100,#3101);
#2671=AXIS2_PLACEMENT_3D('',#3758,#3105,#3106);
#2672=AXIS2_PLACEMENT_3D('',#3764,#3110,#3111);
#2673=AXIS2_PLACEMENT_3D('',#3770,#3115,#3116);
#2674=AXIS2_PLACEMENT_3D('',#3772,#3117,#3118);
#2675=AXIS2_PLACEMENT_3D('',#3774,#3119,#3120);
#2676=AXIS2_PLACEMENT_3D('',#3776,#3122,#3123);
#2677=AXIS2_PLACEMENT_3D('',#3782,#3127,#3128);
#2678=AXIS2_PLACEMENT_3D('',#3788,#3132,#3133);
#2679=AXIS2_PLACEMENT_3D('',#3794,#3137,#3138);
#2680=AXIS2_PLACEMENT_3D('',#3800,#3142,#3143);
#2681=AXIS2_PLACEMENT_3D('',#3806,#3147,#3148);
#2682=AXIS2_PLACEMENT_3D('',#3812,#3152,#3153);
#2683=AXIS2_PLACEMENT_3D('',#3818,#3157,#3158);
#2684=AXIS2_PLACEMENT_3D('',#3824,#3162,#3163);
#2685=AXIS2_PLACEMENT_3D('',#3830,#3167,#3168);
#2686=AXIS2_PLACEMENT_3D('',#3836,#3172,#3173);
#2687=AXIS2_PLACEMENT_3D('',#3842,#3177,#3178);
#2688=AXIS2_PLACEMENT_3D('',#3848,#3182,#3183);
#2689=AXIS2_PLACEMENT_3D('',#3854,#3187,#3188);
#2690=AXIS2_PLACEMENT_3D('',#3860,#3192,#3193);
#2691=AXIS2_PLACEMENT_3D('',#3866,#3197,#3198);
#2692=AXIS2_PLACEMENT_3D('',#3872,#3202,#3203);
#2693=AXIS2_PLACEMENT_3D('',#3874,#3204,#3205);
#2694=AXIS2_PLACEMENT_3D('',#3876,#3206,#3207);
#2695=AXIS2_PLACEMENT_3D('',#3878,#3209,#3210);
#2696=AXIS2_PLACEMENT_3D('',#3884,#3214,#3215);
#2697=AXIS2_PLACEMENT_3D('',#3890,#3219,#3220);
#2698=AXIS2_PLACEMENT_3D('',#3896,#3224,#3225);
#2699=AXIS2_PLACEMENT_3D('',#3902,#3229,#3230);
#2700=AXIS2_PLACEMENT_3D('',#3908,#3234,#3235);
#2701=AXIS2_PLACEMENT_3D('',#3914,#3239,#3240);
#2702=AXIS2_PLACEMENT_3D('',#3920,#3244,#3245);
#2703=AXIS2_PLACEMENT_3D('',#3926,#3249,#3250);
#2704=AXIS2_PLACEMENT_3D('',#3932,#3254,#3255);
#2705=AXIS2_PLACEMENT_3D('',#3938,#3259,#3260);
#2706=AXIS2_PLACEMENT_3D('',#3944,#3264,#3265);
#2707=AXIS2_PLACEMENT_3D('',#3950,#3269,#3270);
#2708=AXIS2_PLACEMENT_3D('',#3956,#3274,#3275);
#2709=AXIS2_PLACEMENT_3D('',#3962,#3279,#3280);
#2710=AXIS2_PLACEMENT_3D('',#3968,#3284,#3285);
#2711=AXIS2_PLACEMENT_3D('',#3974,#3289,#3290);
#2712=AXIS2_PLACEMENT_3D('',#3976,#3291,#3292);
#2713=AXIS2_PLACEMENT_3D('',#3978,#3293,#3294);
#2714=AXIS2_PLACEMENT_3D('',#3980,#3296,#3297);
#2715=AXIS2_PLACEMENT_3D('',#3986,#3301,#3302);
#2716=AXIS2_PLACEMENT_3D('',#3992,#3306,#3307);
#2717=AXIS2_PLACEMENT_3D('',#3998,#3311,#3312);
#2718=AXIS2_PLACEMENT_3D('',#4004,#3316,#3317);
#2719=AXIS2_PLACEMENT_3D('',#4010,#3321,#3322);
#2720=AXIS2_PLACEMENT_3D('',#4016,#3326,#3327);
#2721=AXIS2_PLACEMENT_3D('',#4022,#3331,#3332);
#2722=AXIS2_PLACEMENT_3D('',#4028,#3336,#3337);
#2723=AXIS2_PLACEMENT_3D('',#4034,#3341,#3342);
#2724=AXIS2_PLACEMENT_3D('',#4037,#3345,#3346);
#2725=AXIS2_PLACEMENT_3D('',#4038,#3347,#3348);
#2726=AXIS2_PLACEMENT_3D('',#4039,#3349,#3350);
#2727=AXIS2_PLACEMENT_3D('',#4040,#3351,#3352);
#2728=AXIS2_PLACEMENT_3D('',#4041,#3353,#3354);
#2729=AXIS2_PLACEMENT_3D('',#4042,#3355,#3356);
#2730=AXIS2_PLACEMENT_3D('',#4043,#3357,#3358);
#2731=DIRECTION('axis',(0.,0.,1.));
#2732=DIRECTION('refdir',(1.,0.,0.));
#2733=DIRECTION('axis',(0.,0.,1.));
#2734=DIRECTION('refdir',(1.,0.,0.));
#2735=DIRECTION('center_axis',(0.,-1.,0.));
#2736=DIRECTION('ref_axis',(1.,0.,0.));
#2737=DIRECTION('',(1.,0.,0.));
#2738=DIRECTION('',(0.,0.,1.));
#2739=DIRECTION('',(1.,0.,0.));
#2740=DIRECTION('',(0.,0.,1.));
#2741=DIRECTION('center_axis',(-1.,0.,0.));
#2742=DIRECTION('ref_axis',(0.,-1.,0.));
#2743=DIRECTION('',(0.,-1.,0.));
#2744=DIRECTION('',(0.,-1.,0.));
#2745=DIRECTION('',(0.,0.,1.));
#2746=DIRECTION('center_axis',(0.,1.,0.));
#2747=DIRECTION('ref_axis',(-1.,0.,0.));
#2748=DIRECTION('',(-1.,0.,0.));
#2749=DIRECTION('',(-1.,0.,0.));
#2750=DIRECTION('',(0.,0.,1.));
#2751=DIRECTION('center_axis',(1.,0.,0.));
#2752=DIRECTION('ref_axis',(0.,1.,0.));
#2753=DIRECTION('',(0.,1.,0.));
#2754=DIRECTION('',(0.,1.,0.));
#2755=DIRECTION('center_axis',(0.,0.,1.));
#2756=DIRECTION('ref_axis',(1.,0.,0.));
#2757=DIRECTION('center_axis',(0.,0.,1.));
#2758=DIRECTION('ref_axis',(1.,0.,0.));
#2759=DIRECTION('axis',(0.,0.,1.));
#2760=DIRECTION('refdir',(1.,0.,0.));
#2761=DIRECTION('center_axis',(0.,-1.,0.));
#2762=DIRECTION('ref_axis',(1.,0.,0.));
#2763=DIRECTION('',(1.,0.,0.));
#2764=DIRECTION('',(0.,0.,1.));
#2765=DIRECTION('',(1.,0.,0.));
#2766=DIRECTION('',(0.,0.,1.));
#2767=DIRECTION('center_axis',(-1.,0.,0.));
#2768=DIRECTION('ref_axis',(0.,-1.,0.));
#2769=DIRECTION('',(0.,-1.,0.));
#2770=DIRECTION('',(0.,-1.,0.));
#2771=DIRECTION('',(0.,0.,1.));
#2772=DIRECTION('center_axis',(0.,1.,0.));
#2773=DIRECTION('ref_axis',(-1.,0.,0.));
#2774=DIRECTION('',(-1.,0.,0.));
#2775=DIRECTION('',(-1.,0.,0.));
#2776=DIRECTION('',(0.,0.,1.));
#2777=DIRECTION('center_axis',(1.,0.,0.));
#2778=DIRECTION('ref_axis',(0.,1.,0.));
#2779=DIRECTION('',(0.,1.,0.));
#2780=DIRECTION('',(0.,1.,0.));
#2781=DIRECTION('center_axis',(0.,0.,1.));
#2782=DIRECTION('ref_axis',(1.,0.,0.));
#2783=DIRECTION('center_axis',(0.,0.,1.));
#2784=DIRECTION('ref_axis',(1.,0.,0.));
#2785=DIRECTION('axis',(0.,0.,1.));
#2786=DIRECTION('refdir',(1.,0.,0.));
#2787=DIRECTION('center_axis',(0.,0.,1.));
#2788=DIRECTION('ref_axis',(-1.,0.,0.));
#2789=DIRECTION('center_axis',(0.,0.,1.));
#2790=DIRECTION('ref_axis',(-1.,0.,0.));
#2791=DIRECTION('',(0.,0.,1.));
#2792=DIRECTION('center_axis',(0.,0.,-1.));
#2793=DIRECTION('ref_axis',(-1.,0.,0.));
#2794=DIRECTION('center_axis',(-1.,3.70074341541717E-16,0.));
#2795=DIRECTION('ref_axis',(0.,0.,-1.));
#2796=DIRECTION('center_axis',(1.,-2.89623397728302E-16,0.));
#2797=DIRECTION('ref_axis',(0.,0.,-1.));
#2798=DIRECTION('',(1.,-3.70074341541717E-16,0.));
#2799=DIRECTION('center_axis',(-1.,-8.07434927000114E-17,0.));
#2800=DIRECTION('ref_axis',(0.,0.,-1.));
#2801=DIRECTION('center_axis',(-1.,2.77555756156289E-16,0.));
#2802=DIRECTION('ref_axis',(0.,0.,-1.));
#2803=DIRECTION('center_axis',(1.,1.93082265152201E-16,0.));
#2804=DIRECTION('ref_axis',(0.,0.,-1.));
#2805=DIRECTION('',(1.,-2.77555756156289E-16,0.));
#2806=DIRECTION('center_axis',(-1.,2.89623397728302E-16,0.));
#2807=DIRECTION('ref_axis',(0.,0.,-1.));
#2808=DIRECTION('center_axis',(1.,-2.89623397728302E-16,0.));
#2809=DIRECTION('ref_axis',(0.,0.,-1.));
#2810=DIRECTION('center_axis',(-1.,-3.70074341541717E-16,0.));
#2811=DIRECTION('ref_axis',(0.,0.,-1.));
#2812=DIRECTION('center_axis',(-1.,-2.89623397728302E-16,0.));
#2813=DIRECTION('ref_axis',(0.,0.,-1.));
#2814=DIRECTION('',(-1.,-3.70074341541717E-16,0.));
#2815=DIRECTION('center_axis',(1.,3.22973970800046E-16,0.));
#2816=DIRECTION('ref_axis',(0.,0.,-1.));
#2817=DIRECTION('center_axis',(-1.,-2.77555756156289E-16,0.));
#2818=DIRECTION('ref_axis',(0.,0.,-1.));
#2819=DIRECTION('center_axis',(-1.,-2.89623397728302E-16,0.));
#2820=DIRECTION('ref_axis',(0.,0.,-1.));
#2821=DIRECTION('',(-1.,-2.77555756156289E-16,0.));
#2822=DIRECTION('center_axis',(-1.,-2.89623397728302E-16,0.));
#2823=DIRECTION('ref_axis',(0.,0.,-1.));
#2824=DIRECTION('center_axis',(1.,2.89623397728302E-16,0.));
#2825=DIRECTION('ref_axis',(0.,0.,-1.));
#2826=DIRECTION('center_axis',(0.,0.,-1.));
#2827=DIRECTION('ref_axis',(-1.,0.,0.));
#2828=DIRECTION('',(0.,-1.,0.));
#2829=DIRECTION('',(1.,0.,0.));
#2830=DIRECTION('',(0.,1.,0.));
#2831=DIRECTION('',(1.,1.53134210293125E-16,0.));
#2832=DIRECTION('',(0.,1.,0.));
#2833=DIRECTION('',(-1.,0.,0.));
#2834=DIRECTION('',(0.,-1.,0.));
#2835=DIRECTION('',(1.,1.53134210293125E-16,0.));
#2836=DIRECTION('center_axis',(0.,-1.,0.));
#2837=DIRECTION('ref_axis',(-1.,0.,0.));
#2838=DIRECTION('',(-1.,0.,0.));
#2839=DIRECTION('',(0.,0.,-1.));
#2840=DIRECTION('',(0.,0.,-1.));
#2841=DIRECTION('center_axis',(1.,0.,0.));
#2842=DIRECTION('ref_axis',(0.,-1.,0.));
#2843=DIRECTION('',(0.,-1.,0.));
#2844=DIRECTION('',(0.,0.,1.));
#2845=DIRECTION('center_axis',(-1.,0.,0.));
#2846=DIRECTION('ref_axis',(0.,1.,0.));
#2847=DIRECTION('',(0.,1.,0.));
#2848=DIRECTION('',(0.,0.,-1.));
#2849=DIRECTION('center_axis',(0.,0.,-1.));
#2850=DIRECTION('ref_axis',(-1.,0.,0.));
#2851=DIRECTION('',(-1.,-1.53134210293125E-16,0.));
#2852=DIRECTION('',(1.,9.65411325761006E-17,0.));
#2853=DIRECTION('',(-2.89623397728302E-16,1.,0.));
#2854=DIRECTION('',(-1.,0.,0.));
#2855=DIRECTION('',(1.93082265152201E-16,-1.,0.));
#2856=DIRECTION('center_axis',(-1.,-1.93082265152201E-16,0.));
#2857=DIRECTION('ref_axis',(1.93082265152201E-16,-1.,0.));
#2858=DIRECTION('',(0.,0.,1.));
#2859=DIRECTION('',(-1.93082265152201E-16,1.,0.));
#2860=DIRECTION('',(0.,0.,1.));
#2861=DIRECTION('center_axis',(-1.,-1.93082265152201E-16,0.));
#2862=DIRECTION('ref_axis',(1.93082265152201E-16,-1.,0.));
#2863=DIRECTION('',(0.,0.,1.));
#2864=DIRECTION('',(-1.93082265152201E-16,1.,0.));
#2865=DIRECTION('',(0.,0.,1.));
#2866=DIRECTION('center_axis',(0.,1.,0.));
#2867=DIRECTION('ref_axis',(-1.,0.,0.));
#2868=DIRECTION('',(0.,0.,-1.));
#2869=DIRECTION('',(1.,0.,0.));
#2870=DIRECTION('center_axis',(0.,1.,0.));
#2871=DIRECTION('ref_axis',(-1.,0.,0.));
#2872=DIRECTION('',(1.,0.,0.));
#2873=DIRECTION('',(0.,0.,-1.));
#2874=DIRECTION('center_axis',(1.,2.89623397728302E-16,0.));
#2875=DIRECTION('ref_axis',(-2.89623397728302E-16,1.,0.));
#2876=DIRECTION('',(0.,0.,1.));
#2877=DIRECTION('',(2.89623397728302E-16,-1.,0.));
#2878=DIRECTION('center_axis',(9.65411325761006E-17,-1.,0.));
#2879=DIRECTION('ref_axis',(1.,9.65411325761006E-17,0.));
#2880=DIRECTION('',(-1.,-9.65411325761006E-17,0.));
#2881=DIRECTION('center_axis',(-1.53134210293125E-16,1.,0.));
#2882=DIRECTION('ref_axis',(-1.,-1.53134210293125E-16,0.));
#2883=DIRECTION('',(0.,0.,-1.));
#2884=DIRECTION('',(1.,1.53134210293125E-16,0.));
#2885=DIRECTION('',(0.,0.,1.));
#2886=DIRECTION('',(-1.,-1.53134210293125E-16,0.));
#2887=DIRECTION('',(0.,0.,1.));
#2888=DIRECTION('',(1.,1.53134210293125E-16,0.));
#2889=DIRECTION('center_axis',(0.,0.,-1.));
#2890=DIRECTION('ref_axis',(-1.,0.,0.));
#2891=DIRECTION('center_axis',(-1.,-3.22973970800046E-16,0.));
#2892=DIRECTION('ref_axis',(3.22973970800046E-16,-1.,0.));
#2893=DIRECTION('',(-3.22973970800046E-16,1.,0.));
#2894=DIRECTION('',(0.,0.,1.));
#2895=DIRECTION('',(3.22973970800046E-16,-1.,0.));
#2896=DIRECTION('center_axis',(1.,2.89623397728302E-16,0.));
#2897=DIRECTION('ref_axis',(-2.89623397728302E-16,1.,0.));
#2898=DIRECTION('',(0.,-1.,0.));
#2899=DIRECTION('center_axis',(0.,0.,-1.));
#2900=DIRECTION('ref_axis',(-1.,0.,0.));
#2901=DIRECTION('',(8.07434927000114E-17,-1.,0.));
#2902=DIRECTION('',(-1.,0.,0.));
#2903=DIRECTION('center_axis',(0.,-1.,0.));
#2904=DIRECTION('ref_axis',(1.,0.,0.));
#2905=DIRECTION('',(0.,0.,-1.));
#2906=DIRECTION('',(1.,0.,0.));
#2907=DIRECTION('center_axis',(1.,8.07434927000114E-17,0.));
#2908=DIRECTION('ref_axis',(-8.07434927000114E-17,1.,0.));
#2909=DIRECTION('',(-8.07434927000114E-17,1.,0.));
#2910=DIRECTION('center_axis',(0.,0.,1.));
#2911=DIRECTION('ref_axis',(1.,0.,0.));
#2912=DIRECTION('axis',(0.,0.,1.));
#2913=DIRECTION('refdir',(1.,0.,0.));
#2914=DIRECTION('center_axis',(-1.48029736616688E-16,0.,1.));
#2915=DIRECTION('ref_axis',(-1.,0.,-1.48029736616688E-16));
#2916=DIRECTION('center_axis',(-1.48029736616688E-16,0.,-1.));
#2917=DIRECTION('ref_axis',(-1.,0.,-1.48029736616688E-16));
#2918=DIRECTION('',(1.48029736616688E-16,0.,-1.));
#2919=DIRECTION('center_axis',(0.,0.,1.));
#2920=DIRECTION('ref_axis',(-1.,0.,-1.48029736616688E-16));
#2921=DIRECTION('center_axis',(1.48029736616688E-16,0.,1.));
#2922=DIRECTION('ref_axis',(-1.,0.,1.48029736616688E-16));
#2923=DIRECTION('center_axis',(1.48029736616688E-16,0.,1.));
#2924=DIRECTION('ref_axis',(-1.,0.,1.48029736616688E-16));
#2925=DIRECTION('',(1.48029736616688E-16,0.,1.));
#2926=DIRECTION('center_axis',(-1.48029736616688E-16,0.,-1.));
#2927=DIRECTION('ref_axis',(-1.,0.,1.48029736616688E-16));
#2928=DIRECTION('center_axis',(0.,-1.,0.));
#2929=DIRECTION('ref_axis',(1.,0.,0.));
#2930=DIRECTION('center_axis',(0.,-1.,0.));
#2931=DIRECTION('ref_axis',(1.,0.,0.));
#2932=DIRECTION('',(0.,-1.,0.));
#2933=DIRECTION('center_axis',(0.,-1.,0.));
#2934=DIRECTION('ref_axis',(1.,0.,0.));
#2935=DIRECTION('center_axis',(0.,1.,0.));
#2936=DIRECTION('ref_axis',(0.,0.,1.));
#2937=DIRECTION('center_axis',(0.,1.,0.));
#2938=DIRECTION('ref_axis',(1.,0.,0.));
#2939=DIRECTION('center_axis',(0.,1.,0.));
#2940=DIRECTION('ref_axis',(1.,0.,0.));
#2941=DIRECTION('center_axis',(0.,1.,0.));
#2942=DIRECTION('ref_axis',(1.,0.,0.));
#2943=DIRECTION('',(0.,1.,0.));
#2944=DIRECTION('center_axis',(1.48029736616688E-16,0.,1.));
#2945=DIRECTION('ref_axis',(1.,0.,-1.48029736616688E-16));
#2946=DIRECTION('',(-1.,0.,1.48029736616688E-16));
#2947=DIRECTION('',(0.,1.,0.));
#2948=DIRECTION('',(1.,0.,-1.48029736616688E-16));
#2949=DIRECTION('',(0.,1.,0.));
#2950=DIRECTION('center_axis',(0.,1.,0.));
#2951=DIRECTION('ref_axis',(0.,0.,1.));
#2952=DIRECTION('',(6.43607550507337E-17,0.,1.));
#2953=DIRECTION('',(-1.28721510101467E-16,0.,-1.));
#2954=DIRECTION('',(-1.,0.,0.));
#2955=DIRECTION('center_axis',(-1.48029736616688E-16,0.,-1.));
#2956=DIRECTION('ref_axis',(-1.,0.,1.48029736616688E-16));
#2957=DIRECTION('',(1.,0.,-1.48029736616688E-16));
#2958=DIRECTION('',(0.,1.,0.));
#2959=DIRECTION('',(-1.,0.,1.48029736616688E-16));
#2960=DIRECTION('',(0.,1.,0.));
#2961=DIRECTION('center_axis',(0.,1.,0.));
#2962=DIRECTION('ref_axis',(0.,0.,1.));
#2963=DIRECTION('',(-1.28721510101467E-16,0.,-1.));
#2964=DIRECTION('',(6.43607550507337E-17,0.,1.));
#2965=DIRECTION('',(1.,0.,0.));
#2966=DIRECTION('center_axis',(0.,1.,0.));
#2967=DIRECTION('ref_axis',(0.,0.,1.));
#2968=DIRECTION('',(9.65411325761006E-17,0.,1.));
#2969=DIRECTION('',(-1.28721510101467E-16,0.,-1.));
#2970=DIRECTION('center_axis',(1.,0.,-1.28721510101467E-16));
#2971=DIRECTION('ref_axis',(-1.28721510101467E-16,0.,-1.));
#2972=DIRECTION('',(-1.28721510101467E-16,0.,-1.));
#2973=DIRECTION('',(0.,1.,0.));
#2974=DIRECTION('',(0.,1.,0.));
#2975=DIRECTION('center_axis',(1.48029736616688E-16,0.,1.));
#2976=DIRECTION('ref_axis',(1.,0.,-1.48029736616688E-16));
#2977=DIRECTION('',(1.,0.,-1.48029736616688E-16));
#2978=DIRECTION('',(0.,1.,0.));
#2979=DIRECTION('center_axis',(-1.,0.,9.65411325761006E-17));
#2980=DIRECTION('ref_axis',(9.65411325761006E-17,0.,1.));
#2981=DIRECTION('',(9.65411325761006E-17,0.,1.));
#2982=DIRECTION('',(0.,1.,0.));
#2983=DIRECTION('center_axis',(0.,0.,-1.));
#2984=DIRECTION('ref_axis',(-1.,0.,0.));
#2985=DIRECTION('',(-1.,0.,0.));
#2986=DIRECTION('center_axis',(0.,1.,0.));
#2987=DIRECTION('ref_axis',(0.,0.,1.));
#2988=DIRECTION('axis',(0.,0.,1.));
#2989=DIRECTION('refdir',(1.,0.,0.));
#2990=DIRECTION('center_axis',(0.,0.,1.));
#2991=DIRECTION('ref_axis',(-1.,0.,0.));
#2992=DIRECTION('center_axis',(0.,0.,-1.));
#2993=DIRECTION('ref_axis',(-1.,0.,0.));
#2994=DIRECTION('',(0.,0.,-1.));
#2995=DIRECTION('center_axis',(0.,0.,-1.));
#2996=DIRECTION('ref_axis',(-1.,0.,0.));
#2997=DIRECTION('center_axis',(-0.707106781186546,-0.707106781186549,0.));
#2998=DIRECTION('ref_axis',(0.707106781186549,-0.707106781186546,0.));
#2999=DIRECTION('',(0.707106781186549,-0.707106781186546,0.));
#3000=DIRECTION('',(0.,0.,1.));
#3001=DIRECTION('',(0.707106781186549,-0.707106781186546,0.));
#3002=DIRECTION('',(0.,0.,1.));
#3003=DIRECTION('center_axis',(5.41790301443708E-15,-1.,0.));
#3004=DIRECTION('ref_axis',(1.,5.41790301443708E-15,0.));
#3005=DIRECTION('',(1.,5.41790301443708E-15,0.));
#3006=DIRECTION('',(1.,5.41790301443708E-15,0.));
#3007=DIRECTION('',(0.,0.,1.));
#3008=DIRECTION('center_axis',(1.,3.7396986092637E-15,0.));
#3009=DIRECTION('ref_axis',(-3.7396986092637E-15,1.,0.));
#3010=DIRECTION('',(-3.7396986092637E-15,1.,0.));
#3011=DIRECTION('',(-3.7396986092637E-15,1.,0.));
#3012=DIRECTION('',(0.,0.,1.));
#3013=DIRECTION('center_axis',(4.82705662880528E-15,-1.,0.));
#3014=DIRECTION('ref_axis',(1.,4.82705662880528E-15,0.));
#3015=DIRECTION('',(1.,4.82705662880528E-15,0.));
#3016=DIRECTION('',(1.,4.82705662880528E-15,0.));
#3017=DIRECTION('',(0.,0.,1.));
#3018=DIRECTION('center_axis',(-0.707106781186546,-0.707106781186549,0.));
#3019=DIRECTION('ref_axis',(0.707106781186549,-0.707106781186546,0.));
#3020=DIRECTION('',(0.707106781186549,-0.707106781186546,0.));
#3021=DIRECTION('',(0.707106781186549,-0.707106781186546,0.));
#3022=DIRECTION('',(0.,0.,1.));
#3023=DIRECTION('center_axis',(-1.,1.80524069044741E-15,0.));
#3024=DIRECTION('ref_axis',(-1.80524069044741E-15,-1.,0.));
#3025=DIRECTION('',(-1.80524069044741E-15,-1.,0.));
#3026=DIRECTION('',(-1.80524069044741E-15,-1.,0.));
#3027=DIRECTION('',(0.,0.,1.));
#3028=DIRECTION('center_axis',(0.,0.,1.));
#3029=DIRECTION('ref_axis',(0.,1.,0.));
#3030=DIRECTION('center_axis',(0.,0.,1.));
#3031=DIRECTION('ref_axis',(0.,1.,0.));
#3032=DIRECTION('center_axis',(0.,0.,1.));
#3033=DIRECTION('ref_axis',(0.,1.,0.));
#3034=DIRECTION('',(0.,0.,1.));
#3035=DIRECTION('center_axis',(0.,1.,0.));
#3036=DIRECTION('ref_axis',(-1.,0.,0.));
#3037=DIRECTION('',(-1.,0.,0.));
#3038=DIRECTION('',(-1.,0.,0.));
#3039=DIRECTION('',(0.,0.,1.));
#3040=DIRECTION('center_axis',(0.707106781186538,0.707106781186557,0.));
#3041=DIRECTION('ref_axis',(-0.707106781186557,0.707106781186538,0.));
#3042=DIRECTION('',(-0.707106781186557,0.707106781186538,0.));
#3043=DIRECTION('',(-0.707106781186557,0.707106781186538,0.));
#3044=DIRECTION('',(0.,0.,1.));
#3045=DIRECTION('center_axis',(1.,0.,0.));
#3046=DIRECTION('ref_axis',(0.,1.,0.));
#3047=DIRECTION('',(0.,1.,0.));
#3048=DIRECTION('',(0.,1.,0.));
#3049=DIRECTION('',(0.,0.,1.));
#3050=DIRECTION('center_axis',(0.,-1.,0.));
#3051=DIRECTION('ref_axis',(1.,0.,0.));
#3052=DIRECTION('',(1.,0.,0.));
#3053=DIRECTION('',(1.,0.,0.));
#3054=DIRECTION('',(0.,0.,1.));
#3055=DIRECTION('center_axis',(1.,0.,0.));
#3056=DIRECTION('ref_axis',(0.,1.,0.));
#3057=DIRECTION('',(0.,1.,0.));
#3058=DIRECTION('',(0.,1.,0.));
#3059=DIRECTION('',(0.,0.,1.));
#3060=DIRECTION('center_axis',(0.70710678118655,0.707106781186545,0.));
#3061=DIRECTION('ref_axis',(-0.707106781186545,0.70710678118655,0.));
#3062=DIRECTION('',(-0.707106781186545,0.70710678118655,0.));
#3063=DIRECTION('',(-0.707106781186545,0.70710678118655,0.));
#3064=DIRECTION('',(0.,0.,1.));
#3065=DIRECTION('center_axis',(0.,1.,0.));
#3066=DIRECTION('ref_axis',(-1.,0.,0.));
#3067=DIRECTION('',(-1.,0.,0.));
#3068=DIRECTION('',(-1.,0.,0.));
#3069=DIRECTION('',(0.,0.,1.));
#3070=DIRECTION('center_axis',(0.70710678118655,0.707106781186545,0.));
#3071=DIRECTION('ref_axis',(-0.707106781186545,0.70710678118655,0.));
#3072=DIRECTION('',(-0.707106781186545,0.70710678118655,0.));
#3073=DIRECTION('',(-0.707106781186545,0.70710678118655,0.));
#3074=DIRECTION('',(0.,0.,1.));
#3075=DIRECTION('center_axis',(-0.707106781186546,0.707106781186549,0.));
#3076=DIRECTION('ref_axis',(-0.707106781186549,-0.707106781186546,0.));
#3077=DIRECTION('',(-0.707106781186549,-0.707106781186546,0.));
#3078=DIRECTION('',(-0.707106781186549,-0.707106781186546,0.));
#3079=DIRECTION('',(0.,0.,1.));
#3080=DIRECTION('center_axis',(0.,1.,0.));
#3081=DIRECTION('ref_axis',(-1.,0.,0.));
#3082=DIRECTION('',(-1.,0.,0.));
#3083=DIRECTION('',(-1.,0.,0.));
#3084=DIRECTION('',(0.,0.,1.));
#3085=DIRECTION('center_axis',(-0.707106781186543,0.707106781186552,0.));
#3086=DIRECTION('ref_axis',(-0.707106781186552,-0.707106781186543,0.));
#3087=DIRECTION('',(-0.707106781186552,-0.707106781186543,0.));
#3088=DIRECTION('',(-0.707106781186552,-0.707106781186543,0.));
#3089=DIRECTION('',(0.,0.,1.));
#3090=DIRECTION('center_axis',(-1.,3.65708453474506E-14,0.));
#3091=DIRECTION('ref_axis',(-3.65708453474506E-14,-1.,0.));
#3092=DIRECTION('',(-3.65708453474506E-14,-1.,0.));
#3093=DIRECTION('',(-3.65708453474506E-14,-1.,0.));
#3094=DIRECTION('',(0.,0.,1.));
#3095=DIRECTION('center_axis',(0.,-1.,0.));
#3096=DIRECTION('ref_axis',(1.,0.,0.));
#3097=DIRECTION('',(1.,0.,0.));
#3098=DIRECTION('',(1.,0.,0.));
#3099=DIRECTION('',(0.,0.,1.));
#3100=DIRECTION('center_axis',(-1.,0.,0.));
#3101=DIRECTION('ref_axis',(0.,-1.,0.));
#3102=DIRECTION('',(0.,-1.,0.));
#3103=DIRECTION('',(0.,-1.,0.));
#3104=DIRECTION('',(0.,0.,1.));
#3105=DIRECTION('center_axis',(-0.707106781186543,0.707106781186552,0.));
#3106=DIRECTION('ref_axis',(-0.707106781186552,-0.707106781186543,0.));
#3107=DIRECTION('',(-0.707106781186552,-0.707106781186543,0.));
#3108=DIRECTION('',(-0.707106781186552,-0.707106781186543,0.));
#3109=DIRECTION('',(0.,0.,1.));
#3110=DIRECTION('center_axis',(-4.51310172611854E-16,1.,0.));
#3111=DIRECTION('ref_axis',(-1.,-4.51310172611854E-16,0.));
#3112=DIRECTION('',(-1.,-4.51310172611854E-16,0.));
#3113=DIRECTION('',(-1.,-4.51310172611854E-16,0.));
#3114=DIRECTION('',(0.,0.,1.));
#3115=DIRECTION('center_axis',(0.,0.,1.));
#3116=DIRECTION('ref_axis',(1.,0.,0.));
#3117=DIRECTION('center_axis',(0.,0.,1.));
#3118=DIRECTION('ref_axis',(1.,0.,0.));
#3119=DIRECTION('center_axis',(0.,0.,1.));
#3120=DIRECTION('ref_axis',(1.,0.,0.));
#3121=DIRECTION('',(0.,0.,1.));
#3122=DIRECTION('center_axis',(1.,0.,0.));
#3123=DIRECTION('ref_axis',(0.,1.,0.));
#3124=DIRECTION('',(0.,1.,0.));
#3125=DIRECTION('',(0.,1.,0.));
#3126=DIRECTION('',(0.,0.,1.));
#3127=DIRECTION('center_axis',(0.707106781186537,-0.707106781186558,0.));
#3128=DIRECTION('ref_axis',(0.707106781186558,0.707106781186537,0.));
#3129=DIRECTION('',(0.707106781186558,0.707106781186537,0.));
#3130=DIRECTION('',(0.707106781186558,0.707106781186537,0.));
#3131=DIRECTION('',(0.,0.,1.));
#3132=DIRECTION('center_axis',(-3.21803775253708E-15,-1.,0.));
#3133=DIRECTION('ref_axis',(1.,-3.21803775253708E-15,0.));
#3134=DIRECTION('',(1.,-3.21803775253708E-15,0.));
#3135=DIRECTION('',(1.,-3.21803775253708E-15,0.));
#3136=DIRECTION('',(0.,0.,1.));
#3137=DIRECTION('center_axis',(-1.,5.60954791389555E-15,0.));
#3138=DIRECTION('ref_axis',(-5.60954791389555E-15,-1.,0.));
#3139=DIRECTION('',(-5.60954791389555E-15,-1.,0.));
#3140=DIRECTION('',(-5.60954791389555E-15,-1.,0.));
#3141=DIRECTION('',(0.,0.,1.));
#3142=DIRECTION('center_axis',(-5.41790301443708E-15,-1.,0.));
#3143=DIRECTION('ref_axis',(1.,-5.41790301443708E-15,0.));
#3144=DIRECTION('',(1.,-5.41790301443708E-15,0.));
#3145=DIRECTION('',(1.,-5.41790301443708E-15,0.));
#3146=DIRECTION('',(0.,0.,1.));
#3147=DIRECTION('center_axis',(0.707106781186537,-0.707106781186558,0.));
#3148=DIRECTION('ref_axis',(0.707106781186558,0.707106781186537,0.));
#3149=DIRECTION('',(0.707106781186558,0.707106781186537,0.));
#3150=DIRECTION('',(0.707106781186558,0.707106781186537,0.));
#3151=DIRECTION('',(0.,0.,1.));
#3152=DIRECTION('center_axis',(1.,0.,0.));
#3153=DIRECTION('ref_axis',(0.,1.,0.));
#3154=DIRECTION('',(0.,1.,0.));
#3155=DIRECTION('',(0.,1.,0.));
#3156=DIRECTION('',(0.,0.,1.));
#3157=DIRECTION('center_axis',(0.707106781186544,-0.707106781186551,0.));
#3158=DIRECTION('ref_axis',(0.707106781186551,0.707106781186544,0.));
#3159=DIRECTION('',(0.707106781186551,0.707106781186544,0.));
#3160=DIRECTION('',(0.707106781186551,0.707106781186544,0.));
#3161=DIRECTION('',(0.,0.,1.));
#3162=DIRECTION('center_axis',(0.707106781186551,0.707106781186544,0.));
#3163=DIRECTION('ref_axis',(-0.707106781186544,0.707106781186551,0.));
#3164=DIRECTION('',(-0.707106781186544,0.707106781186551,0.));
#3165=DIRECTION('',(-0.707106781186544,0.707106781186551,0.));
#3166=DIRECTION('',(0.,0.,1.));
#3167=DIRECTION('center_axis',(1.,0.,0.));
#3168=DIRECTION('ref_axis',(0.,1.,0.));
#3169=DIRECTION('',(0.,1.,0.));
#3170=DIRECTION('',(0.,1.,0.));
#3171=DIRECTION('',(0.,0.,1.));
#3172=DIRECTION('center_axis',(0.707106781186554,0.707106781186541,0.));
#3173=DIRECTION('ref_axis',(-0.707106781186541,0.707106781186554,0.));
#3174=DIRECTION('',(-0.707106781186541,0.707106781186554,0.));
#3175=DIRECTION('',(-0.707106781186541,0.707106781186554,0.));
#3176=DIRECTION('',(0.,0.,1.));
#3177=DIRECTION('center_axis',(4.06342726082777E-15,1.,0.));
#3178=DIRECTION('ref_axis',(-1.,4.06342726082777E-15,0.));
#3179=DIRECTION('',(-1.,4.06342726082777E-15,0.));
#3180=DIRECTION('',(-1.,4.06342726082777E-15,0.));
#3181=DIRECTION('',(0.,0.,1.));
#3182=DIRECTION('center_axis',(-1.,-4.6746232615796E-16,0.));
#3183=DIRECTION('ref_axis',(4.6746232615796E-16,-1.,0.));
#3184=DIRECTION('',(4.6746232615796E-16,-1.,0.));
#3185=DIRECTION('',(4.6746232615796E-16,-1.,0.));
#3186=DIRECTION('',(0.,0.,1.));
#3187=DIRECTION('center_axis',(0.,1.,0.));
#3188=DIRECTION('ref_axis',(-1.,0.,0.));
#3189=DIRECTION('',(-1.,0.,0.));
#3190=DIRECTION('',(-1.,0.,0.));
#3191=DIRECTION('',(0.,0.,1.));
#3192=DIRECTION('center_axis',(0.707106781186554,0.707106781186541,0.));
#3193=DIRECTION('ref_axis',(-0.707106781186541,0.707106781186554,0.));
#3194=DIRECTION('',(-0.707106781186541,0.707106781186554,0.));
#3195=DIRECTION('',(-0.707106781186541,0.707106781186554,0.));
#3196=DIRECTION('',(0.,0.,1.));
#3197=DIRECTION('center_axis',(1.,-6.76965258917785E-15,0.));
#3198=DIRECTION('ref_axis',(6.76965258917785E-15,1.,0.));
#3199=DIRECTION('',(6.76965258917785E-15,1.,0.));
#3200=DIRECTION('',(6.76965258917785E-15,1.,0.));
#3201=DIRECTION('',(0.,0.,1.));
#3202=DIRECTION('center_axis',(0.,0.,1.));
#3203=DIRECTION('ref_axis',(2.22044604925041E-15,-1.,0.));
#3204=DIRECTION('center_axis',(0.,0.,1.));
#3205=DIRECTION('ref_axis',(2.22044604925041E-15,-1.,0.));
#3206=DIRECTION('center_axis',(0.,0.,1.));
#3207=DIRECTION('ref_axis',(2.22044604925041E-15,-1.,0.));
#3208=DIRECTION('',(0.,0.,1.));
#3209=DIRECTION('center_axis',(0.,-1.,0.));
#3210=DIRECTION('ref_axis',(1.,0.,0.));
#3211=DIRECTION('',(1.,0.,0.));
#3212=DIRECTION('',(1.,0.,0.));
#3213=DIRECTION('',(0.,0.,1.));
#3214=DIRECTION('center_axis',(-0.707106781186544,-0.707106781186551,0.));
#3215=DIRECTION('ref_axis',(0.707106781186551,-0.707106781186544,0.));
#3216=DIRECTION('',(0.707106781186551,-0.707106781186544,0.));
#3217=DIRECTION('',(0.707106781186551,-0.707106781186544,0.));
#3218=DIRECTION('',(0.,0.,1.));
#3219=DIRECTION('center_axis',(-1.,3.21803775253652E-15,0.));
#3220=DIRECTION('ref_axis',(-3.21803775253652E-15,-1.,0.));
#3221=DIRECTION('',(-3.21803775253652E-15,-1.,0.));
#3222=DIRECTION('',(-3.21803775253652E-15,-1.,0.));
#3223=DIRECTION('',(0.,0.,1.));
#3224=DIRECTION('center_axis',(0.,1.,0.));
#3225=DIRECTION('ref_axis',(-1.,0.,0.));
#3226=DIRECTION('',(-1.,0.,0.));
#3227=DIRECTION('',(-1.,0.,0.));
#3228=DIRECTION('',(0.,0.,1.));
#3229=DIRECTION('center_axis',(-1.,0.,0.));
#3230=DIRECTION('ref_axis',(0.,-1.,0.));
#3231=DIRECTION('',(0.,-1.,0.));
#3232=DIRECTION('',(0.,-1.,0.));
#3233=DIRECTION('',(0.,0.,1.));
#3234=DIRECTION('center_axis',(-0.707106781186541,-0.707106781186554,0.));
#3235=DIRECTION('ref_axis',(0.707106781186554,-0.707106781186541,0.));
#3236=DIRECTION('',(0.707106781186554,-0.707106781186541,0.));
#3237=DIRECTION('',(0.707106781186554,-0.707106781186541,0.));
#3238=DIRECTION('',(0.,0.,1.));
#3239=DIRECTION('center_axis',(8.44488044268254E-15,-1.,0.));
#3240=DIRECTION('ref_axis',(1.,8.44488044268254E-15,0.));
#3241=DIRECTION('',(1.,8.44488044268254E-15,0.));
#3242=DIRECTION('',(1.,8.44488044268254E-15,0.));
#3243=DIRECTION('',(0.,0.,1.));
#3244=DIRECTION('center_axis',(-0.707106781186544,-0.707106781186551,0.));
#3245=DIRECTION('ref_axis',(0.707106781186551,-0.707106781186544,0.));
#3246=DIRECTION('',(0.707106781186551,-0.707106781186544,0.));
#3247=DIRECTION('',(0.707106781186551,-0.707106781186544,0.));
#3248=DIRECTION('',(0.,0.,1.));
#3249=DIRECTION('center_axis',(0.707106781186542,-0.707106781186553,0.));
#3250=DIRECTION('ref_axis',(0.707106781186553,0.707106781186542,0.));
#3251=DIRECTION('',(0.707106781186553,0.707106781186542,0.));
#3252=DIRECTION('',(0.707106781186553,0.707106781186542,0.));
#3253=DIRECTION('',(0.,0.,1.));
#3254=DIRECTION('center_axis',(0.,-1.,0.));
#3255=DIRECTION('ref_axis',(1.,0.,0.));
#3256=DIRECTION('',(1.,0.,0.));
#3257=DIRECTION('',(1.,0.,0.));
#3258=DIRECTION('',(0.,0.,1.));
#3259=DIRECTION('center_axis',(0.70710678118655,-0.707106781186545,0.));
#3260=DIRECTION('ref_axis',(0.707106781186545,0.70710678118655,0.));
#3261=DIRECTION('',(0.707106781186545,0.70710678118655,0.));
#3262=DIRECTION('',(0.707106781186545,0.70710678118655,0.));
#3263=DIRECTION('',(0.,0.,1.));
#3264=DIRECTION('center_axis',(1.,0.,0.));
#3265=DIRECTION('ref_axis',(0.,1.,0.));
#3266=DIRECTION('',(0.,1.,0.));
#3267=DIRECTION('',(0.,1.,0.));
#3268=DIRECTION('',(0.,0.,1.));
#3269=DIRECTION('center_axis',(-8.41432187084325E-15,1.,0.));
#3270=DIRECTION('ref_axis',(-1.,-8.41432187084325E-15,0.));
#3271=DIRECTION('',(-1.,-8.41432187084325E-15,0.));
#3272=DIRECTION('',(-1.,-8.41432187084325E-15,0.));
#3273=DIRECTION('',(0.,0.,1.));
#3274=DIRECTION('center_axis',(1.,1.12631321338777E-14,0.));
#3275=DIRECTION('ref_axis',(-1.12631321338777E-14,1.,0.));
#3276=DIRECTION('',(-1.12631321338777E-14,1.,0.));
#3277=DIRECTION('',(-1.12631321338777E-14,1.,0.));
#3278=DIRECTION('',(0.,0.,1.));
#3279=DIRECTION('center_axis',(0.707106781186539,-0.707106781186556,0.));
#3280=DIRECTION('ref_axis',(0.707106781186556,0.707106781186539,0.));
#3281=DIRECTION('',(0.707106781186556,0.707106781186539,0.));
#3282=DIRECTION('',(0.707106781186556,0.707106781186539,0.));
#3283=DIRECTION('',(0.,0.,1.));
#3284=DIRECTION('center_axis',(-1.35393051783554E-15,-1.,0.));
#3285=DIRECTION('ref_axis',(1.,-1.35393051783554E-15,0.));
#3286=DIRECTION('',(1.,-1.35393051783554E-15,0.));
#3287=DIRECTION('',(1.,-1.35393051783554E-15,0.));
#3288=DIRECTION('',(0.,0.,1.));
#3289=DIRECTION('center_axis',(0.,0.,1.));
#3290=DIRECTION('ref_axis',(-1.,0.,0.));
#3291=DIRECTION('center_axis',(0.,0.,1.));
#3292=DIRECTION('ref_axis',(-1.,0.,0.));
#3293=DIRECTION('center_axis',(0.,0.,1.));
#3294=DIRECTION('ref_axis',(-1.,0.,0.));
#3295=DIRECTION('',(0.,0.,1.));
#3296=DIRECTION('center_axis',(-1.,-4.51310172611856E-16,0.));
#3297=DIRECTION('ref_axis',(4.51310172611856E-16,-1.,0.));
#3298=DIRECTION('',(4.51310172611856E-16,-1.,0.));
#3299=DIRECTION('',(4.51310172611856E-16,-1.,0.));
#3300=DIRECTION('',(0.,0.,1.));
#3301=DIRECTION('center_axis',(-0.707106781186555,0.70710678118654,0.));
#3302=DIRECTION('ref_axis',(-0.70710678118654,-0.707106781186555,0.));
#3303=DIRECTION('',(-0.70710678118654,-0.707106781186555,0.));
#3304=DIRECTION('',(-0.70710678118654,-0.707106781186555,0.));
#3305=DIRECTION('',(0.,0.,1.));
#3306=DIRECTION('center_axis',(0.,1.,0.));
#3307=DIRECTION('ref_axis',(-1.,0.,0.));
#3308=DIRECTION('',(-1.,0.,0.));
#3309=DIRECTION('',(-1.,0.,0.));
#3310=DIRECTION('',(0.,0.,1.));
#3311=DIRECTION('center_axis',(1.,-1.12190958277911E-14,0.));
#3312=DIRECTION('ref_axis',(1.12190958277911E-14,1.,0.));
#3313=DIRECTION('',(1.12190958277911E-14,1.,0.));
#3314=DIRECTION('',(1.12190958277911E-14,1.,0.));
#3315=DIRECTION('',(0.,0.,1.));
#3316=DIRECTION('center_axis',(0.,1.,0.));
#3317=DIRECTION('ref_axis',(-1.,0.,0.));
#3318=DIRECTION('',(-1.,0.,0.));
#3319=DIRECTION('',(-1.,0.,0.));
#3320=DIRECTION('',(0.,0.,1.));
#3321=DIRECTION('center_axis',(-0.707106781186555,0.70710678118654,0.));
#3322=DIRECTION('ref_axis',(-0.70710678118654,-0.707106781186555,0.));
#3323=DIRECTION('',(-0.70710678118654,-0.707106781186555,0.));
#3324=DIRECTION('',(-0.70710678118654,-0.707106781186555,0.));
#3325=DIRECTION('',(0.,0.,1.));
#3326=DIRECTION('center_axis',(-1.,0.,0.));
#3327=DIRECTION('ref_axis',(0.,-1.,0.));
#3328=DIRECTION('',(0.,-1.,0.));
#3329=DIRECTION('',(0.,-1.,0.));
#3330=DIRECTION('',(0.,0.,1.));
#3331=DIRECTION('center_axis',(-0.707106781186539,0.707106781186556,0.));
#3332=DIRECTION('ref_axis',(-0.707106781186556,-0.707106781186539,0.));
#3333=DIRECTION('',(-0.707106781186556,-0.707106781186539,0.));
#3334=DIRECTION('',(-0.707106781186556,-0.707106781186539,0.));
#3335=DIRECTION('',(0.,0.,1.));
#3336=DIRECTION('center_axis',(-0.707106781186556,-0.707106781186539,0.));
#3337=DIRECTION('ref_axis',(0.707106781186539,-0.707106781186556,0.));
#3338=DIRECTION('',(0.707106781186539,-0.707106781186556,0.));
#3339=DIRECTION('',(0.707106781186539,-0.707106781186556,0.));
#3340=DIRECTION('',(0.,0.,1.));
#3341=DIRECTION('center_axis',(-1.,-4.22244022134124E-16,0.));
#3342=DIRECTION('ref_axis',(4.22244022134124E-16,-1.,0.));
#3343=DIRECTION('',(4.22244022134124E-16,-1.,0.));
#3344=DIRECTION('',(4.22244022134124E-16,-1.,0.));
#3345=DIRECTION('center_axis',(0.,0.,1.));
#3346=DIRECTION('ref_axis',(1.,0.,0.));
#3347=DIRECTION('center_axis',(0.,0.,1.));
#3348=DIRECTION('ref_axis',(1.,0.,0.));
#3349=DIRECTION('',(4.51991668670743E-18,1.84549485848883E-16,1.));
#3350=DIRECTION('',(1.,8.88178419700124E-16,-4.51991668670759E-18));
#3351=DIRECTION('',(-1.4357462202684E-17,-4.06692707835218E-16,1.));
#3352=DIRECTION('',(1.,1.0547118733939E-15,1.43574622026844E-17));
#3353=DIRECTION('',(0.,0.,1.));
#3354=DIRECTION('',(1.,0.,0.));
#3355=DIRECTION('',(-1.,0.,0.));
#3356=DIRECTION('',(0.,0.,1.));
#3357=DIRECTION('',(-1.,0.,1.48029736616688E-16));
#3358=DIRECTION('',(1.48029736616688E-16,0.,1.));
#3359=CARTESIAN_POINT('',(0.,0.,0.));
#3360=CARTESIAN_POINT('',(0.,0.,0.));
#3361=CARTESIAN_POINT('Origin',(-25.,-25.,0.));
#3362=CARTESIAN_POINT('',(-25.,-25.,0.));
#3363=CARTESIAN_POINT('',(25.,-25.,0.));
#3364=CARTESIAN_POINT('',(-25.,-25.,0.));
#3365=CARTESIAN_POINT('',(25.,-25.,1.5));
#3366=CARTESIAN_POINT('',(25.,-25.,0.));
#3367=CARTESIAN_POINT('',(-25.,-25.,1.5));
#3368=CARTESIAN_POINT('',(-25.,-25.,1.5));
#3369=CARTESIAN_POINT('',(-25.,-25.,0.));
#3370=CARTESIAN_POINT('Origin',(-25.,25.,0.));
#3371=CARTESIAN_POINT('',(-25.,25.,0.));
#3372=CARTESIAN_POINT('',(-25.,25.,0.));
#3373=CARTESIAN_POINT('',(-25.,25.,1.5));
#3374=CARTESIAN_POINT('',(-25.,25.,1.5));
#3375=CARTESIAN_POINT('',(-25.,25.,0.));
#3376=CARTESIAN_POINT('Origin',(25.,25.,0.));
#3377=CARTESIAN_POINT('',(25.,25.,0.));
#3378=CARTESIAN_POINT('',(25.,25.,0.));
#3379=CARTESIAN_POINT('',(25.,25.,1.5));
#3380=CARTESIAN_POINT('',(25.,25.,1.5));
#3381=CARTESIAN_POINT('',(25.,25.,0.));
#3382=CARTESIAN_POINT('Origin',(25.,-25.,0.));
#3383=CARTESIAN_POINT('',(25.,-25.,0.));
#3384=CARTESIAN_POINT('',(25.,-25.,1.5));
#3385=CARTESIAN_POINT('Origin',(0.,0.,1.5));
#3386=CARTESIAN_POINT('Origin',(0.,0.,0.));
#3387=CARTESIAN_POINT('',(0.,0.,0.));
#3388=CARTESIAN_POINT('Origin',(-3.675,-3.425,0.));
#3389=CARTESIAN_POINT('',(-3.675,-3.425,0.));
#3390=CARTESIAN_POINT('',(3.675,-3.425,0.));
#3391=CARTESIAN_POINT('',(-3.675,-3.425,0.));
#3392=CARTESIAN_POINT('',(3.675,-3.425,1.45));
#3393=CARTESIAN_POINT('',(3.675,-3.425,0.));
#3394=CARTESIAN_POINT('',(-3.675,-3.425,1.45));
#3395=CARTESIAN_POINT('',(-3.675,-3.425,1.45));
#3396=CARTESIAN_POINT('',(-3.675,-3.425,0.));
#3397=CARTESIAN_POINT('Origin',(-3.675,3.425,0.));
#3398=CARTESIAN_POINT('',(-3.675,3.425,0.));
#3399=CARTESIAN_POINT('',(-3.675,3.425,0.));
#3400=CARTESIAN_POINT('',(-3.675,3.425,1.45));
#3401=CARTESIAN_POINT('',(-3.675,3.425,1.45));
#3402=CARTESIAN_POINT('',(-3.675,3.425,0.));
#3403=CARTESIAN_POINT('Origin',(3.675,3.425,0.));
#3404=CARTESIAN_POINT('',(3.675,3.425,0.));
#3405=CARTESIAN_POINT('',(3.675,3.425,0.));
#3406=CARTESIAN_POINT('',(3.675,3.425,1.45));
#3407=CARTESIAN_POINT('',(3.675,3.425,1.45));
#3408=CARTESIAN_POINT('',(3.675,3.425,0.));
#3409=CARTESIAN_POINT('Origin',(3.675,-3.425,0.));
#3410=CARTESIAN_POINT('',(3.675,-3.425,0.));
#3411=CARTESIAN_POINT('',(3.675,-3.425,1.45));
#3412=CARTESIAN_POINT('Origin',(0.,0.,1.45));
#3413=CARTESIAN_POINT('Origin',(0.,0.,0.));
#3414=CARTESIAN_POINT('',(0.,0.,0.));
#3415=CARTESIAN_POINT('Origin',(0.,0.,11.5));
#3416=CARTESIAN_POINT('',(2.5,3.06161699786838E-16,18.));
#3417=CARTESIAN_POINT('Origin',(0.,0.,18.));
#3418=CARTESIAN_POINT('',(2.5,-3.06161699786838E-16,20.));
#3419=CARTESIAN_POINT('',(2.5,3.06161699786838E-16,11.5));
#3420=CARTESIAN_POINT('Origin',(0.,0.,20.));
#3421=CARTESIAN_POINT('Origin',(27.,-3.,0.));
#3422=CARTESIAN_POINT('',(27.,-3.,2.5));
#3423=CARTESIAN_POINT('Origin',(27.,-3.,0.));
#3424=CARTESIAN_POINT('',(29.,-3.,2.5));
#3425=CARTESIAN_POINT('',(27.,-3.,2.5));
#3426=CARTESIAN_POINT('Origin',(29.,-3.,0.));
#3427=CARTESIAN_POINT('Origin',(23.,-3.,0.));
#3428=CARTESIAN_POINT('',(23.,-3.,5.));
#3429=CARTESIAN_POINT('Origin',(23.,-3.,0.));
#3430=CARTESIAN_POINT('',(27.,-3.,5.));
#3431=CARTESIAN_POINT('',(23.,-3.,5.));
#3432=CARTESIAN_POINT('Origin',(27.,-3.,0.));
#3433=CARTESIAN_POINT('Origin',(27.,-3.,0.));
#3434=CARTESIAN_POINT('Origin',(-27.,-3.,0.));
#3435=CARTESIAN_POINT('',(-27.,-3.,2.5));
#3436=CARTESIAN_POINT('Origin',(-27.,-3.,0.));
#3437=CARTESIAN_POINT('',(-29.,-3.,2.5));
#3438=CARTESIAN_POINT('',(-27.,-3.,2.5));
#3439=CARTESIAN_POINT('Origin',(-29.,-3.,0.));
#3440=CARTESIAN_POINT('Origin',(-23.,-3.,0.));
#3441=CARTESIAN_POINT('',(-23.,-3.,5.));
#3442=CARTESIAN_POINT('Origin',(-23.,-3.,0.));
#3443=CARTESIAN_POINT('',(-27.,-3.,5.));
#3444=CARTESIAN_POINT('',(-23.,-3.,5.));
#3445=CARTESIAN_POINT('Origin',(-27.,-3.,0.));
#3446=CARTESIAN_POINT('Origin',(-27.,-3.,0.));
#3447=CARTESIAN_POINT('Origin',(0.,0.,9.7));
#3448=CARTESIAN_POINT('',(23.,27.5,9.7));
#3449=CARTESIAN_POINT('',(23.,-23.,9.7));
#3450=CARTESIAN_POINT('',(23.,11.5,9.7));
#3451=CARTESIAN_POINT('',(-23.,-23.,9.7));
#3452=CARTESIAN_POINT('',(11.5,-23.,9.7));
#3453=CARTESIAN_POINT('',(-23.,27.5,9.7));
#3454=CARTESIAN_POINT('',(-23.,13.75,9.7));
#3455=CARTESIAN_POINT('',(-25.,27.5,9.7));
#3456=CARTESIAN_POINT('',(14.5,27.5,9.7));
#3457=CARTESIAN_POINT('',(-25.,-25.,9.7));
#3458=CARTESIAN_POINT('',(-25.,-25.,9.7));
#3459=CARTESIAN_POINT('',(25.,-25.,9.7));
#3460=CARTESIAN_POINT('',(25.,-25.,9.7));
#3461=CARTESIAN_POINT('',(25.,27.5,9.7));
#3462=CARTESIAN_POINT('',(25.,25.,9.7));
#3463=CARTESIAN_POINT('',(14.5,27.5,9.7));
#3464=CARTESIAN_POINT('Origin',(25.,-25.,11.5));
#3465=CARTESIAN_POINT('',(25.,-25.,11.5));
#3466=CARTESIAN_POINT('',(-25.,-25.,11.5));
#3467=CARTESIAN_POINT('',(25.,-25.,11.5));
#3468=CARTESIAN_POINT('',(25.,-25.,11.5));
#3469=CARTESIAN_POINT('',(-25.,-25.,11.5));
#3470=CARTESIAN_POINT('Origin',(25.,27.5,11.5));
#3471=CARTESIAN_POINT('',(25.,27.5,11.5));
#3472=CARTESIAN_POINT('',(25.,25.,11.5));
#3473=CARTESIAN_POINT('',(25.,27.5,5.75));
#3474=CARTESIAN_POINT('Origin',(-25.,-25.,11.5));
#3475=CARTESIAN_POINT('',(-25.,27.5,11.5));
#3476=CARTESIAN_POINT('',(-25.,-25.,11.5));
#3477=CARTESIAN_POINT('',(-25.,27.5,5.75));
#3478=CARTESIAN_POINT('Origin',(0.,0.,11.5));
#3479=CARTESIAN_POINT('',(14.5,27.5,11.5));
#3480=CARTESIAN_POINT('',(-23.,23.,11.5));
#3481=CARTESIAN_POINT('',(23.,23.,11.5));
#3482=CARTESIAN_POINT('',(-11.5,23.,11.5));
#3483=CARTESIAN_POINT('',(-23.,-23.,11.5));
#3484=CARTESIAN_POINT('',(-23.,-11.5,11.5));
#3485=CARTESIAN_POINT('',(23.,-23.,11.5));
#3486=CARTESIAN_POINT('',(11.5,-23.,11.5));
#3487=CARTESIAN_POINT('',(23.,11.5,11.5));
#3488=CARTESIAN_POINT('Origin',(23.,23.,0.));
#3489=CARTESIAN_POINT('',(23.,-23.,18.));
#3490=CARTESIAN_POINT('',(23.,-23.,0.));
#3491=CARTESIAN_POINT('',(23.,23.,18.));
#3492=CARTESIAN_POINT('',(23.,11.5,18.));
#3493=CARTESIAN_POINT('',(23.,23.,0.));
#3494=CARTESIAN_POINT('Origin',(23.,23.,0.));
#3495=CARTESIAN_POINT('',(23.,27.5,-10.));
#3496=CARTESIAN_POINT('',(23.,27.5,-5.));
#3497=CARTESIAN_POINT('',(23.,-23.,-10.));
#3498=CARTESIAN_POINT('',(23.,23.,-10.));
#3499=CARTESIAN_POINT('',(23.,-23.,0.));
#3500=CARTESIAN_POINT('Origin',(23.,-23.,0.));
#3501=CARTESIAN_POINT('',(-23.,-23.,18.));
#3502=CARTESIAN_POINT('',(-23.,-23.,0.));
#3503=CARTESIAN_POINT('',(11.5,-23.,18.));
#3504=CARTESIAN_POINT('Origin',(23.,-23.,0.));
#3505=CARTESIAN_POINT('',(-23.,-23.,-10.));
#3506=CARTESIAN_POINT('',(23.,-23.,-10.));
#3507=CARTESIAN_POINT('',(-23.,-23.,0.));
#3508=CARTESIAN_POINT('Origin',(-23.,-23.,0.));
#3509=CARTESIAN_POINT('',(-23.,23.,18.));
#3510=CARTESIAN_POINT('',(-23.,23.,0.));
#3511=CARTESIAN_POINT('',(-23.,-11.5,18.));
#3512=CARTESIAN_POINT('Origin',(-23.,23.,0.));
#3513=CARTESIAN_POINT('',(-11.5,23.,18.));
#3514=CARTESIAN_POINT('Origin',(29.,27.5,0.));
#3515=CARTESIAN_POINT('',(-23.,27.5,-10.));
#3516=CARTESIAN_POINT('',(-23.,27.5,-5.));
#3517=CARTESIAN_POINT('',(-29.,27.5,-10.));
#3518=CARTESIAN_POINT('',(29.,27.5,-10.));
#3519=CARTESIAN_POINT('',(-29.,27.5,20.));
#3520=CARTESIAN_POINT('',(-29.,27.5,0.));
#3521=CARTESIAN_POINT('',(29.,27.5,20.));
#3522=CARTESIAN_POINT('',(29.,27.5,20.));
#3523=CARTESIAN_POINT('',(29.,27.5,-10.));
#3524=CARTESIAN_POINT('',(29.,27.5,0.));
#3525=CARTESIAN_POINT('',(29.,27.5,-10.));
#3526=CARTESIAN_POINT('Origin',(0.,0.,18.));
#3527=CARTESIAN_POINT('Origin',(-29.,27.5,0.));
#3528=CARTESIAN_POINT('',(-29.,-27.5,-10.));
#3529=CARTESIAN_POINT('',(-29.,27.5,-10.));
#3530=CARTESIAN_POINT('',(-29.,-27.5,20.));
#3531=CARTESIAN_POINT('',(-29.,-27.5,0.));
#3532=CARTESIAN_POINT('',(-29.,27.5,20.));
#3533=CARTESIAN_POINT('Origin',(-23.,-23.,0.));
#3534=CARTESIAN_POINT('',(-23.,13.75,-10.));
#3535=CARTESIAN_POINT('Origin',(-4.44089209850063E-15,0.,-10.));
#3536=CARTESIAN_POINT('',(29.,-27.5,-10.));
#3537=CARTESIAN_POINT('',(29.,-27.5,-10.));
#3538=CARTESIAN_POINT('',(-29.,-27.5,-10.));
#3539=CARTESIAN_POINT('Origin',(-29.,-27.5,0.));
#3540=CARTESIAN_POINT('',(29.,-27.5,20.));
#3541=CARTESIAN_POINT('',(29.,-27.5,0.));
#3542=CARTESIAN_POINT('',(-29.,-27.5,20.));
#3543=CARTESIAN_POINT('Origin',(29.,-27.5,0.));
#3544=CARTESIAN_POINT('',(29.,-27.5,20.));
#3545=CARTESIAN_POINT('Origin',(-4.44089209850063E-15,0.,20.));
#3546=CARTESIAN_POINT('',(0.,0.,0.));
#3547=CARTESIAN_POINT('Origin',(-5.,29.5,-29.5));
#3548=CARTESIAN_POINT('',(-2.49999999999999,29.5,-29.5));
#3549=CARTESIAN_POINT('Origin',(-5.,29.5,-29.5));
#3550=CARTESIAN_POINT('',(-2.49999999999999,29.5,-34.5));
#3551=CARTESIAN_POINT('',(-2.49999999999999,29.5,-29.5));
#3552=CARTESIAN_POINT('Origin',(-4.99999999999999,29.5,-34.5));
#3553=CARTESIAN_POINT('Origin',(-5.,29.5,29.5));
#3554=CARTESIAN_POINT('',(-2.49999999999999,29.5,29.5));
#3555=CARTESIAN_POINT('Origin',(-5.,29.5,29.5));
#3556=CARTESIAN_POINT('',(-2.49999999999999,29.5,34.5));
#3557=CARTESIAN_POINT('',(-2.49999999999999,29.5,29.5));
#3558=CARTESIAN_POINT('Origin',(-4.99999999999999,29.5,34.5));
#3559=CARTESIAN_POINT('Origin',(0.,5.,0.));
#3560=CARTESIAN_POINT('',(-4.5,5.,-5.51091059616309E-16));
#3561=CARTESIAN_POINT('Origin',(0.,5.,0.));
#3562=CARTESIAN_POINT('',(-4.5,2.5,-5.51091059616309E-16));
#3563=CARTESIAN_POINT('',(-4.5,5.,-5.51091059616309E-16));
#3564=CARTESIAN_POINT('Origin',(0.,2.5,0.));
#3565=CARTESIAN_POINT('Origin',(0.,2.5,0.));
#3566=CARTESIAN_POINT('',(-2.5,2.5,3.06161699786838E-16));
#3567=CARTESIAN_POINT('Origin',(0.,2.5,0.));
#3568=CARTESIAN_POINT('Origin',(0.,0.,0.));
#3569=CARTESIAN_POINT('',(-2.5,0.,3.06161699786838E-16));
#3570=CARTESIAN_POINT('Origin',(0.,0.,0.));
#3571=CARTESIAN_POINT('',(-2.5,0.,3.06161699786838E-16));
#3572=CARTESIAN_POINT('Origin',(-15.,5.,-29.5));
#3573=CARTESIAN_POINT('',(15.,5.,-29.5));
#3574=CARTESIAN_POINT('',(-15.,5.,-29.5));
#3575=CARTESIAN_POINT('',(-7.5,5.,-29.5));
#3576=CARTESIAN_POINT('',(15.,45.,-29.5));
#3577=CARTESIAN_POINT('',(15.,5.,-29.5));
#3578=CARTESIAN_POINT('',(-15.,45.,-29.5));
#3579=CARTESIAN_POINT('',(-15.,45.,-29.5));
#3580=CARTESIAN_POINT('',(-15.,5.,-29.5));
#3581=CARTESIAN_POINT('Origin',(-2.22044604925031E-15,45.,-32.));
#3582=CARTESIAN_POINT('',(-15.,45.,-34.5));
#3583=CARTESIAN_POINT('',(-15.,45.,-34.5));
#3584=CARTESIAN_POINT('',(15.,45.,-34.5));
#3585=CARTESIAN_POINT('',(15.,45.,34.5));
#3586=CARTESIAN_POINT('',(15.,45.,-34.5));
#3587=CARTESIAN_POINT('Origin',(15.,5.,29.5));
#3588=CARTESIAN_POINT('',(-15.,5.,29.5));
#3589=CARTESIAN_POINT('',(15.,5.,29.5));
#3590=CARTESIAN_POINT('',(7.50000000000001,5.,29.5));
#3591=CARTESIAN_POINT('',(-15.,45.,29.5));
#3592=CARTESIAN_POINT('',(-15.,5.,29.5));
#3593=CARTESIAN_POINT('',(15.,45.,29.5));
#3594=CARTESIAN_POINT('',(15.,45.,29.5));
#3595=CARTESIAN_POINT('',(15.,5.,29.5));
#3596=CARTESIAN_POINT('Origin',(4.44089209850063E-15,45.,32.));
#3597=CARTESIAN_POINT('',(15.,45.,34.5));
#3598=CARTESIAN_POINT('',(15.,45.,34.5));
#3599=CARTESIAN_POINT('',(-15.,45.,34.5));
#3600=CARTESIAN_POINT('',(-15.,45.,-34.5));
#3601=CARTESIAN_POINT('',(-15.,45.,34.5));
#3602=CARTESIAN_POINT('Origin',(2.22044604925031E-15,5.,0.));
#3603=CARTESIAN_POINT('',(-15.,5.,-34.5));
#3604=CARTESIAN_POINT('',(15.,5.,34.5));
#3605=CARTESIAN_POINT('Origin',(15.,0.,34.5));
#3606=CARTESIAN_POINT('',(15.,0.,34.5));
#3607=CARTESIAN_POINT('',(15.,0.,-34.5));
#3608=CARTESIAN_POINT('',(15.,0.,34.5));
#3609=CARTESIAN_POINT('',(15.,0.,-34.5));
#3610=CARTESIAN_POINT('',(15.,0.,34.5));
#3611=CARTESIAN_POINT('Origin',(-15.,0.,34.5));
#3612=CARTESIAN_POINT('',(-15.,0.,34.5));
#3613=CARTESIAN_POINT('',(-15.,0.,34.5));
#3614=CARTESIAN_POINT('',(-15.,0.,34.5));
#3615=CARTESIAN_POINT('Origin',(-15.,0.,-34.5));
#3616=CARTESIAN_POINT('',(-15.,0.,-34.5));
#3617=CARTESIAN_POINT('',(-15.,0.,-34.5));
#3618=CARTESIAN_POINT('',(-15.,0.,-34.5));
#3619=CARTESIAN_POINT('Origin',(15.,0.,-34.5));
#3620=CARTESIAN_POINT('',(15.,0.,-34.5));
#3621=CARTESIAN_POINT('Origin',(2.22044604925031E-15,0.,0.));
#3622=CARTESIAN_POINT('',(0.,0.,0.));
#3623=CARTESIAN_POINT('Origin',(8.52482203114187E-6,-2.20518222613824E-5,
0.));
#3624=CARTESIAN_POINT('',(2.10000852482203,-2.20518222610044E-5,100.));
#3625=CARTESIAN_POINT('Origin',(8.52482203114187E-6,-2.20518222613824E-5,
100.));
#3626=CARTESIAN_POINT('',(2.10000852482203,-2.20518222611252E-5,0.));
#3627=CARTESIAN_POINT('',(2.10000852482203,-2.20518222611252E-5,0.));
#3628=CARTESIAN_POINT('Origin',(8.52482203114187E-6,-2.20518222613824E-5,
0.));
#3629=CARTESIAN_POINT('Origin',(-6.56065164695775,5.49997794817771,0.));
#3630=CARTESIAN_POINT('',(-6.56065164695775,5.49997794817771,0.));
#3631=CARTESIAN_POINT('',(-3.89999147517798,2.83931777639796,0.));
#3632=CARTESIAN_POINT('',(-6.56065164695775,5.49997794817771,0.));
#3633=CARTESIAN_POINT('',(-3.89999147517798,2.83931777639796,100.));
#3634=CARTESIAN_POINT('',(-3.89999147517798,2.83931777639796,0.));
#3635=CARTESIAN_POINT('',(-6.56065164695775,5.49997794817771,100.));
#3636=CARTESIAN_POINT('',(-6.56065164695775,5.49997794817771,100.));
#3637=CARTESIAN_POINT('',(-6.56065164695775,5.49997794817771,0.));
#3638=CARTESIAN_POINT('Origin',(-8.199991475178,5.4999779481777,0.));
#3639=CARTESIAN_POINT('',(-8.199991475178,5.4999779481777,0.));
#3640=CARTESIAN_POINT('',(-8.199991475178,5.4999779481777,0.));
#3641=CARTESIAN_POINT('',(-8.199991475178,5.4999779481777,100.));
#3642=CARTESIAN_POINT('',(-8.199991475178,5.4999779481777,100.));
#3643=CARTESIAN_POINT('',(-8.199991475178,5.4999779481777,0.));
#3644=CARTESIAN_POINT('Origin',(-8.19999147517799,3.12497794817771,0.));
#3645=CARTESIAN_POINT('',(-8.19999147517799,3.12497794817771,0.));
#3646=CARTESIAN_POINT('',(-8.19999147517799,3.12497794817771,0.));
#3647=CARTESIAN_POINT('',(-8.19999147517799,3.12497794817771,100.));
#3648=CARTESIAN_POINT('',(-8.19999147517799,3.12497794817771,100.));
#3649=CARTESIAN_POINT('',(-8.19999147517799,3.12497794817771,0.));
#3650=CARTESIAN_POINT('Origin',(-8.54499147517797,3.12497794817771,0.));
#3651=CARTESIAN_POINT('',(-8.54499147517797,3.12497794817771,0.));
#3652=CARTESIAN_POINT('',(-8.54499147517797,3.12497794817771,0.));
#3653=CARTESIAN_POINT('',(-8.54499147517797,3.12497794817771,100.));
#3654=CARTESIAN_POINT('',(-8.54499147517797,3.12497794817771,100.));
#3655=CARTESIAN_POINT('',(-8.54499147517797,3.12497794817771,0.));
#3656=CARTESIAN_POINT('Origin',(-9.99999147517798,4.57997794817771,0.));
#3657=CARTESIAN_POINT('',(-9.99999147517798,4.57997794817771,0.));
#3658=CARTESIAN_POINT('',(-9.99999147517798,4.57997794817771,0.));
#3659=CARTESIAN_POINT('',(-9.99999147517798,4.57997794817771,100.));
#3660=CARTESIAN_POINT('',(-9.99999147517798,4.57997794817771,100.));
#3661=CARTESIAN_POINT('',(-9.99999147517798,4.57997794817771,0.));
#3662=CARTESIAN_POINT('Origin',(-9.99999147517797,9.4999779481777,0.));
#3663=CARTESIAN_POINT('',(-9.99999147517797,9.4999779481777,0.));
#3664=CARTESIAN_POINT('',(-9.99999147517797,9.4999779481777,0.));
#3665=CARTESIAN_POINT('',(-9.99999147517797,9.4999779481777,100.));
#3666=CARTESIAN_POINT('',(-9.99999147517797,9.4999779481777,100.));
#3667=CARTESIAN_POINT('',(-9.99999147517797,9.4999779481777,0.));
#3668=CARTESIAN_POINT('Origin',(-9.49999147517797,9.49997794817771,0.));
#3669=CARTESIAN_POINT('',(-9.49999147517797,9.99997794817771,0.));
#3670=CARTESIAN_POINT('Origin',(-9.49999147517797,9.49997794817771,0.));
#3671=CARTESIAN_POINT('',(-9.49999147517797,9.99997794817771,100.));
#3672=CARTESIAN_POINT('Origin',(-9.49999147517797,9.49997794817771,100.));
#3673=CARTESIAN_POINT('',(-9.49999147517797,9.99997794817771,0.));
#3674=CARTESIAN_POINT('Origin',(-4.57999147517798,9.99997794817771,0.));
#3675=CARTESIAN_POINT('',(-4.57999147517798,9.99997794817771,0.));
#3676=CARTESIAN_POINT('',(-4.57999147517798,9.99997794817771,0.));
#3677=CARTESIAN_POINT('',(-4.57999147517798,9.99997794817771,100.));
#3678=CARTESIAN_POINT('',(-4.57999147517798,9.99997794817771,100.));
#3679=CARTESIAN_POINT('',(-4.57999147517798,9.99997794817771,0.));
#3680=CARTESIAN_POINT('Origin',(-3.12499147517798,8.54497794817774,0.));
#3681=CARTESIAN_POINT('',(-3.12499147517798,8.54497794817774,0.));
#3682=CARTESIAN_POINT('',(-3.12499147517798,8.54497794817774,0.));
#3683=CARTESIAN_POINT('',(-3.12499147517798,8.54497794817774,100.));
#3684=CARTESIAN_POINT('',(-3.12499147517798,8.54497794817774,100.));
#3685=CARTESIAN_POINT('',(-3.12499147517798,8.54497794817774,0.));
#3686=CARTESIAN_POINT('Origin',(-3.12499147517798,8.19997794817772,0.));
#3687=CARTESIAN_POINT('',(-3.12499147517798,8.19997794817772,0.));
#3688=CARTESIAN_POINT('',(-3.12499147517798,8.19997794817772,0.));
#3689=CARTESIAN_POINT('',(-3.12499147517798,8.19997794817772,100.));
#3690=CARTESIAN_POINT('',(-3.12499147517798,8.19997794817772,100.));
#3691=CARTESIAN_POINT('',(-3.12499147517798,8.19997794817772,0.));
#3692=CARTESIAN_POINT('Origin',(-5.49999147517798,8.19997794817772,0.));
#3693=CARTESIAN_POINT('',(-5.49999147517798,8.19997794817772,0.));
#3694=CARTESIAN_POINT('',(-5.49999147517798,8.19997794817772,0.));
#3695=CARTESIAN_POINT('',(-5.49999147517798,8.19997794817772,100.));
#3696=CARTESIAN_POINT('',(-5.49999147517798,8.19997794817772,100.));
#3697=CARTESIAN_POINT('',(-5.49999147517798,8.19997794817772,0.));
#3698=CARTESIAN_POINT('Origin',(-5.49999147517798,6.56063811995748,0.));
#3699=CARTESIAN_POINT('',(-5.49999147517798,6.56063811995748,0.));
#3700=CARTESIAN_POINT('',(-5.49999147517798,6.56063811995748,0.));
#3701=CARTESIAN_POINT('',(-5.49999147517798,6.56063811995748,100.));
#3702=CARTESIAN_POINT('',(-5.49999147517798,6.56063811995748,100.));
#3703=CARTESIAN_POINT('',(-5.49999147517798,6.56063811995748,0.));
#3704=CARTESIAN_POINT('Origin',(-2.8393313033982,3.89997794817774,0.));
#3705=CARTESIAN_POINT('',(-2.8393313033982,3.89997794817774,0.));
#3706=CARTESIAN_POINT('',(-2.8393313033982,3.89997794817774,0.));
#3707=CARTESIAN_POINT('',(-2.8393313033982,3.89997794817774,100.));
#3708=CARTESIAN_POINT('',(-2.8393313033982,3.89997794817774,100.));
#3709=CARTESIAN_POINT('',(-2.8393313033982,3.89997794817774,0.));
#3710=CARTESIAN_POINT('Origin',(-0.209991475177965,3.89997794817774,0.));
#3711=CARTESIAN_POINT('',(-0.209991475177965,3.89997794817774,0.));
#3712=CARTESIAN_POINT('',(-0.209991475177965,3.89997794817774,0.));
#3713=CARTESIAN_POINT('',(-0.209991475177965,3.89997794817774,100.));
#3714=CARTESIAN_POINT('',(-0.209991475177965,3.89997794817774,100.));
#3715=CARTESIAN_POINT('',(-0.209991475177965,3.89997794817774,0.));
#3716=CARTESIAN_POINT('Origin',(8.52482203272942E-6,3.68997794817774,0.));
#3717=CARTESIAN_POINT('',(8.52482203272942E-6,3.68997794817774,0.));
#3718=CARTESIAN_POINT('',(8.52482203272942E-6,3.68997794817774,0.));
#3719=CARTESIAN_POINT('',(8.52482203272942E-6,3.68997794817774,100.));
#3720=CARTESIAN_POINT('',(8.52482203272942E-6,3.68997794817774,100.));
#3721=CARTESIAN_POINT('',(8.52482203272942E-6,3.68997794817774,0.));
#3722=CARTESIAN_POINT('Origin',(0.210008524822033,3.89997794817774,0.));
#3723=CARTESIAN_POINT('',(0.210008524822033,3.89997794817774,0.));
#3724=CARTESIAN_POINT('',(0.210008524822033,3.89997794817774,0.));
#3725=CARTESIAN_POINT('',(0.210008524822033,3.89997794817774,100.));
#3726=CARTESIAN_POINT('',(0.210008524822033,3.89997794817774,100.));
#3727=CARTESIAN_POINT('',(0.210008524822033,3.89997794817774,0.));
#3728=CARTESIAN_POINT('Origin',(2.83934835304225,3.89997794817774,0.));
#3729=CARTESIAN_POINT('',(2.83934835304225,3.89997794817774,0.));
#3730=CARTESIAN_POINT('',(2.83934835304225,3.89997794817774,0.));
#3731=CARTESIAN_POINT('',(2.83934835304225,3.89997794817774,100.));
#3732=CARTESIAN_POINT('',(2.83934835304225,3.89997794817774,100.));
#3733=CARTESIAN_POINT('',(2.83934835304225,3.89997794817774,0.));
#3734=CARTESIAN_POINT('Origin',(5.50000852482203,6.56063811995749,0.));
#3735=CARTESIAN_POINT('',(5.50000852482203,6.56063811995749,0.));
#3736=CARTESIAN_POINT('',(5.50000852482203,6.56063811995749,0.));
#3737=CARTESIAN_POINT('',(5.50000852482203,6.56063811995749,100.));
#3738=CARTESIAN_POINT('',(5.50000852482203,6.56063811995749,100.));
#3739=CARTESIAN_POINT('',(5.50000852482203,6.56063811995749,0.));
#3740=CARTESIAN_POINT('Origin',(5.50000852482209,8.19997794817772,0.));
#3741=CARTESIAN_POINT('',(5.50000852482209,8.19997794817772,0.));
#3742=CARTESIAN_POINT('',(5.50000852482209,8.19997794817772,0.));
#3743=CARTESIAN_POINT('',(5.50000852482209,8.19997794817772,100.));
#3744=CARTESIAN_POINT('',(5.50000852482209,8.19997794817772,100.));
#3745=CARTESIAN_POINT('',(5.50000852482209,8.19997794817772,0.));
#3746=CARTESIAN_POINT('Origin',(3.12500852482203,8.19997794817772,0.));
#3747=CARTESIAN_POINT('',(3.12500852482203,8.19997794817772,0.));
#3748=CARTESIAN_POINT('',(3.12500852482203,8.19997794817772,0.));
#3749=CARTESIAN_POINT('',(3.12500852482203,8.19997794817772,100.));
#3750=CARTESIAN_POINT('',(3.12500852482203,8.19997794817772,100.));
#3751=CARTESIAN_POINT('',(3.12500852482203,8.19997794817772,0.));
#3752=CARTESIAN_POINT('Origin',(3.12500852482203,8.54497794817773,0.));
#3753=CARTESIAN_POINT('',(3.12500852482203,8.54497794817773,0.));
#3754=CARTESIAN_POINT('',(3.12500852482203,8.54497794817773,0.));
#3755=CARTESIAN_POINT('',(3.12500852482203,8.54497794817773,100.));
#3756=CARTESIAN_POINT('',(3.12500852482203,8.54497794817773,100.));
#3757=CARTESIAN_POINT('',(3.12500852482203,8.54497794817773,0.));
#3758=CARTESIAN_POINT('Origin',(4.58000852482203,9.99997794817771,0.));
#3759=CARTESIAN_POINT('',(4.58000852482203,9.99997794817771,0.));
#3760=CARTESIAN_POINT('',(4.58000852482203,9.99997794817771,0.));
#3761=CARTESIAN_POINT('',(4.58000852482203,9.99997794817771,100.));
#3762=CARTESIAN_POINT('',(4.58000852482203,9.99997794817771,100.));
#3763=CARTESIAN_POINT('',(4.58000852482203,9.99997794817771,0.));
#3764=CARTESIAN_POINT('Origin',(9.50000852482201,9.99997794817771,0.));
#3765=CARTESIAN_POINT('',(9.50000852482201,9.99997794817771,0.));
#3766=CARTESIAN_POINT('',(9.50000852482201,9.99997794817771,0.));
#3767=CARTESIAN_POINT('',(9.50000852482201,9.99997794817771,100.));
#3768=CARTESIAN_POINT('',(9.50000852482201,9.99997794817771,100.));
#3769=CARTESIAN_POINT('',(9.50000852482201,9.99997794817771,0.));
#3770=CARTESIAN_POINT('Origin',(9.50000852482201,9.4999779481777,0.));
#3771=CARTESIAN_POINT('',(10.000008524822,9.4999779481777,0.));
#3772=CARTESIAN_POINT('Origin',(9.50000852482201,9.4999779481777,0.));
#3773=CARTESIAN_POINT('',(10.000008524822,9.4999779481777,100.));
#3774=CARTESIAN_POINT('Origin',(9.50000852482201,9.4999779481777,100.));
#3775=CARTESIAN_POINT('',(10.000008524822,9.4999779481777,0.));
#3776=CARTESIAN_POINT('Origin',(10.000008524822,4.57997794817769,0.));
#3777=CARTESIAN_POINT('',(10.000008524822,4.57997794817769,0.));
#3778=CARTESIAN_POINT('',(10.000008524822,4.57997794817769,0.));
#3779=CARTESIAN_POINT('',(10.000008524822,4.57997794817769,100.));
#3780=CARTESIAN_POINT('',(10.000008524822,4.57997794817769,100.));
#3781=CARTESIAN_POINT('',(10.000008524822,4.57997794817769,0.));
#3782=CARTESIAN_POINT('Origin',(8.54500852482199,3.12497794817771,0.));
#3783=CARTESIAN_POINT('',(8.54500852482199,3.12497794817771,0.));
#3784=CARTESIAN_POINT('',(8.54500852482199,3.12497794817771,0.));
#3785=CARTESIAN_POINT('',(8.54500852482199,3.12497794817771,100.));
#3786=CARTESIAN_POINT('',(8.54500852482199,3.12497794817771,100.));
#3787=CARTESIAN_POINT('',(8.54500852482199,3.12497794817771,0.));
#3788=CARTESIAN_POINT('Origin',(8.20000852482204,3.12497794817771,0.));
#3789=CARTESIAN_POINT('',(8.20000852482204,3.12497794817771,0.));
#3790=CARTESIAN_POINT('',(8.20000852482204,3.12497794817771,0.));
#3791=CARTESIAN_POINT('',(8.20000852482204,3.12497794817771,100.));
#3792=CARTESIAN_POINT('',(8.20000852482204,3.12497794817771,100.));
#3793=CARTESIAN_POINT('',(8.20000852482204,3.12497794817771,0.));
#3794=CARTESIAN_POINT('Origin',(8.20000852482205,5.4999779481777,0.));
#3795=CARTESIAN_POINT('',(8.20000852482205,5.4999779481777,0.));
#3796=CARTESIAN_POINT('',(8.20000852482205,5.4999779481777,0.));
#3797=CARTESIAN_POINT('',(8.20000852482205,5.4999779481777,100.));
#3798=CARTESIAN_POINT('',(8.20000852482205,5.4999779481777,100.));
#3799=CARTESIAN_POINT('',(8.20000852482205,5.4999779481777,0.));
#3800=CARTESIAN_POINT('Origin',(6.5606686966018,5.49997794817771,0.));
#3801=CARTESIAN_POINT('',(6.5606686966018,5.49997794817771,0.));
#3802=CARTESIAN_POINT('',(6.5606686966018,5.49997794817771,0.));
#3803=CARTESIAN_POINT('',(6.5606686966018,5.49997794817771,100.));
#3804=CARTESIAN_POINT('',(6.5606686966018,5.49997794817771,100.));
#3805=CARTESIAN_POINT('',(6.5606686966018,5.49997794817771,0.));
#3806=CARTESIAN_POINT('Origin',(3.90000852482199,2.83931777639798,0.));
#3807=CARTESIAN_POINT('',(3.90000852482199,2.83931777639798,0.));
#3808=CARTESIAN_POINT('',(3.90000852482199,2.83931777639798,0.));
#3809=CARTESIAN_POINT('',(3.90000852482199,2.83931777639798,100.));
#3810=CARTESIAN_POINT('',(3.90000852482199,2.83931777639798,100.));
#3811=CARTESIAN_POINT('',(3.90000852482199,2.83931777639798,0.));
#3812=CARTESIAN_POINT('Origin',(3.90000852482199,0.209977948177684,0.));
#3813=CARTESIAN_POINT('',(3.90000852482199,0.209977948177684,0.));
#3814=CARTESIAN_POINT('',(3.90000852482199,0.209977948177684,0.));
#3815=CARTESIAN_POINT('',(3.90000852482199,0.209977948177684,100.));
#3816=CARTESIAN_POINT('',(3.90000852482199,0.209977948177684,100.));
#3817=CARTESIAN_POINT('',(3.90000852482199,0.209977948177684,0.));
#3818=CARTESIAN_POINT('Origin',(3.69000852482201,-2.20518222948662E-5,0.));
#3819=CARTESIAN_POINT('',(3.69000852482201,-2.20518222948662E-5,0.));
#3820=CARTESIAN_POINT('',(3.69000852482201,-2.20518222948662E-5,0.));
#3821=CARTESIAN_POINT('',(3.69000852482201,-2.20518222948662E-5,100.));
#3822=CARTESIAN_POINT('',(3.69000852482201,-2.20518222948662E-5,100.));
#3823=CARTESIAN_POINT('',(3.69000852482201,-2.20518222948662E-5,0.));
#3824=CARTESIAN_POINT('Origin',(3.90000852482199,-0.210022051822278,0.));
#3825=CARTESIAN_POINT('',(3.90000852482199,-0.210022051822278,0.));
#3826=CARTESIAN_POINT('',(3.90000852482199,-0.210022051822278,0.));
#3827=CARTESIAN_POINT('',(3.90000852482199,-0.210022051822278,100.));
#3828=CARTESIAN_POINT('',(3.90000852482199,-0.210022051822278,100.));
#3829=CARTESIAN_POINT('',(3.90000852482199,-0.210022051822278,0.));
#3830=CARTESIAN_POINT('Origin',(3.90000852482199,-2.83936188004249,0.));
#3831=CARTESIAN_POINT('',(3.90000852482199,-2.83936188004249,0.));
#3832=CARTESIAN_POINT('',(3.90000852482199,-2.83936188004249,0.));
#3833=CARTESIAN_POINT('',(3.90000852482199,-2.83936188004249,100.));
#3834=CARTESIAN_POINT('',(3.90000852482199,-2.83936188004249,100.));
#3835=CARTESIAN_POINT('',(3.90000852482199,-2.83936188004249,0.));
#3836=CARTESIAN_POINT('Origin',(6.56066869660174,-5.50002205182229,0.));
#3837=CARTESIAN_POINT('',(6.56066869660174,-5.50002205182229,0.));
#3838=CARTESIAN_POINT('',(6.56066869660174,-5.50002205182229,0.));
#3839=CARTESIAN_POINT('',(6.56066869660174,-5.50002205182229,100.));
#3840=CARTESIAN_POINT('',(6.56066869660174,-5.50002205182229,100.));
#3841=CARTESIAN_POINT('',(6.56066869660174,-5.50002205182229,0.));
#3842=CARTESIAN_POINT('Origin',(8.20000852482201,-5.5000220518223,0.));
#3843=CARTESIAN_POINT('',(8.20000852482201,-5.5000220518223,0.));
#3844=CARTESIAN_POINT('',(8.20000852482201,-5.5000220518223,0.));
#3845=CARTESIAN_POINT('',(8.20000852482201,-5.5000220518223,100.));
#3846=CARTESIAN_POINT('',(8.20000852482201,-5.5000220518223,100.));
#3847=CARTESIAN_POINT('',(8.20000852482201,-5.5000220518223,0.));
#3848=CARTESIAN_POINT('Origin',(8.20000852482201,-3.12502205182229,0.));
#3849=CARTESIAN_POINT('',(8.20000852482201,-3.12502205182229,0.));
#3850=CARTESIAN_POINT('',(8.20000852482201,-3.12502205182229,0.));
#3851=CARTESIAN_POINT('',(8.200008524822,-3.12502205182229,100.));
#3852=CARTESIAN_POINT('',(8.20000852482201,-3.12502205182229,100.));
#3853=CARTESIAN_POINT('',(8.20000852482201,-3.12502205182229,0.));
#3854=CARTESIAN_POINT('Origin',(8.54500852482204,-3.12502205182229,0.));
#3855=CARTESIAN_POINT('',(8.54500852482204,-3.12502205182229,0.));
#3856=CARTESIAN_POINT('',(8.54500852482204,-3.12502205182229,0.));
#3857=CARTESIAN_POINT('',(8.54500852482204,-3.12502205182229,100.));
#3858=CARTESIAN_POINT('',(8.54500852482204,-3.12502205182229,100.));
#3859=CARTESIAN_POINT('',(8.54500852482204,-3.12502205182229,0.));
#3860=CARTESIAN_POINT('Origin',(10.000008524822,-4.58002205182231,0.));
#3861=CARTESIAN_POINT('',(10.000008524822,-4.58002205182231,0.));
#3862=CARTESIAN_POINT('',(10.000008524822,-4.58002205182231,0.));
#3863=CARTESIAN_POINT('',(10.000008524822,-4.58002205182231,100.));
#3864=CARTESIAN_POINT('',(10.000008524822,-4.58002205182231,100.));
#3865=CARTESIAN_POINT('',(10.000008524822,-4.58002205182231,0.));
#3866=CARTESIAN_POINT('Origin',(10.000008524822,-9.50002205182226,0.));
#3867=CARTESIAN_POINT('',(10.000008524822,-9.50002205182226,0.));
#3868=CARTESIAN_POINT('',(10.000008524822,-9.50002205182226,0.));
#3869=CARTESIAN_POINT('',(10.000008524822,-9.50002205182226,100.));
#3870=CARTESIAN_POINT('',(10.000008524822,-9.50002205182226,100.));
#3871=CARTESIAN_POINT('',(10.000008524822,-9.50002205182226,0.));
#3872=CARTESIAN_POINT('Origin',(9.50000852482201,-9.5000220518223,0.));
#3873=CARTESIAN_POINT('',(9.50000852482201,-10.0000220518223,0.));
#3874=CARTESIAN_POINT('Origin',(9.50000852482201,-9.5000220518223,0.));
#3875=CARTESIAN_POINT('',(9.50000852482201,-10.0000220518223,100.));
#3876=CARTESIAN_POINT('Origin',(9.50000852482201,-9.5000220518223,100.));
#3877=CARTESIAN_POINT('',(9.50000852482201,-10.0000220518223,0.));
#3878=CARTESIAN_POINT('Origin',(4.58000852482213,-10.0000220518223,0.));
#3879=CARTESIAN_POINT('',(4.58000852482213,-10.0000220518223,0.));
#3880=CARTESIAN_POINT('',(4.58000852482213,-10.0000220518223,0.));
#3881=CARTESIAN_POINT('',(4.58000852482213,-10.0000220518223,100.));
#3882=CARTESIAN_POINT('',(4.58000852482213,-10.0000220518223,100.));
#3883=CARTESIAN_POINT('',(4.58000852482213,-10.0000220518223,0.));
#3884=CARTESIAN_POINT('Origin',(3.12500852482209,-8.54502205182225,0.));
#3885=CARTESIAN_POINT('',(3.12500852482209,-8.54502205182225,0.));
#3886=CARTESIAN_POINT('',(3.12500852482209,-8.54502205182225,0.));
#3887=CARTESIAN_POINT('',(3.12500852482209,-8.54502205182225,100.));
#3888=CARTESIAN_POINT('',(3.12500852482209,-8.54502205182225,100.));
#3889=CARTESIAN_POINT('',(3.12500852482209,-8.54502205182225,0.));
#3890=CARTESIAN_POINT('Origin',(3.12500852482209,-8.20002205182223,0.));
#3891=CARTESIAN_POINT('',(3.12500852482209,-8.20002205182223,0.));
#3892=CARTESIAN_POINT('',(3.12500852482209,-8.20002205182223,0.));
#3893=CARTESIAN_POINT('',(3.12500852482209,-8.20002205182223,100.));
#3894=CARTESIAN_POINT('',(3.12500852482209,-8.20002205182223,100.));
#3895=CARTESIAN_POINT('',(3.12500852482209,-8.20002205182223,0.));
#3896=CARTESIAN_POINT('Origin',(5.50000852482207,-8.20002205182223,0.));
#3897=CARTESIAN_POINT('',(5.50000852482207,-8.20002205182223,0.));
#3898=CARTESIAN_POINT('',(5.50000852482207,-8.20002205182223,0.));
#3899=CARTESIAN_POINT('',(5.50000852482207,-8.20002205182223,100.));
#3900=CARTESIAN_POINT('',(5.50000852482207,-8.20002205182223,100.));
#3901=CARTESIAN_POINT('',(5.50000852482207,-8.20002205182223,0.));
#3902=CARTESIAN_POINT('Origin',(5.50000852482207,-6.56068222360199,0.));
#3903=CARTESIAN_POINT('',(5.50000852482207,-6.56068222360199,0.));
#3904=CARTESIAN_POINT('',(5.50000852482207,-6.56068222360199,0.));
#3905=CARTESIAN_POINT('',(5.50000852482207,-6.56068222360199,100.));
#3906=CARTESIAN_POINT('',(5.50000852482207,-6.56068222360199,100.));
#3907=CARTESIAN_POINT('',(5.50000852482207,-6.56068222360199,0.));
#3908=CARTESIAN_POINT('Origin',(2.83934835304227,-3.90002205182224,0.));
#3909=CARTESIAN_POINT('',(2.83934835304227,-3.90002205182224,0.));
#3910=CARTESIAN_POINT('',(2.83934835304227,-3.90002205182224,0.));
#3911=CARTESIAN_POINT('',(2.83934835304227,-3.90002205182224,100.));
#3912=CARTESIAN_POINT('',(2.83934835304227,-3.90002205182224,100.));
#3913=CARTESIAN_POINT('',(2.83934835304227,-3.90002205182224,0.));
#3914=CARTESIAN_POINT('Origin',(0.210008524822061,-3.90002205182226,0.));
#3915=CARTESIAN_POINT('',(0.210008524822061,-3.90002205182226,0.));
#3916=CARTESIAN_POINT('',(0.210008524822061,-3.90002205182226,0.));
#3917=CARTESIAN_POINT('',(0.210008524822061,-3.90002205182226,100.));
#3918=CARTESIAN_POINT('',(0.210008524822061,-3.90002205182226,100.));
#3919=CARTESIAN_POINT('',(0.210008524822061,-3.90002205182226,0.));
#3920=CARTESIAN_POINT('Origin',(8.52482205715432E-6,-3.69002205182226,0.));
#3921=CARTESIAN_POINT('',(8.52482205715432E-6,-3.69002205182226,0.));
#3922=CARTESIAN_POINT('',(8.52482205715432E-6,-3.69002205182226,0.));
#3923=CARTESIAN_POINT('',(8.52482205715432E-6,-3.69002205182226,100.));
#3924=CARTESIAN_POINT('',(8.52482205715432E-6,-3.69002205182226,100.));
#3925=CARTESIAN_POINT('',(8.52482205715432E-6,-3.69002205182226,0.));
#3926=CARTESIAN_POINT('Origin',(-0.209991475177965,-3.90002205182228,0.));
#3927=CARTESIAN_POINT('',(-0.209991475177965,-3.90002205182228,0.));
#3928=CARTESIAN_POINT('',(-0.209991475177965,-3.90002205182228,0.));
#3929=CARTESIAN_POINT('',(-0.209991475177965,-3.90002205182228,100.));
#3930=CARTESIAN_POINT('',(-0.209991475177965,-3.90002205182228,100.));
#3931=CARTESIAN_POINT('',(-0.209991475177965,-3.90002205182228,0.));
#3932=CARTESIAN_POINT('Origin',(-2.83933130339817,-3.90002205182228,0.));
#3933=CARTESIAN_POINT('',(-2.83933130339817,-3.90002205182228,0.));
#3934=CARTESIAN_POINT('',(-2.83933130339817,-3.90002205182228,0.));
#3935=CARTESIAN_POINT('',(-2.83933130339817,-3.90002205182228,100.));
#3936=CARTESIAN_POINT('',(-2.83933130339817,-3.90002205182228,100.));
#3937=CARTESIAN_POINT('',(-2.83933130339817,-3.90002205182228,0.));
#3938=CARTESIAN_POINT('Origin',(-5.49999147517793,-6.56068222360206,0.));
#3939=CARTESIAN_POINT('',(-5.49999147517793,-6.56068222360206,0.));
#3940=CARTESIAN_POINT('',(-5.49999147517793,-6.56068222360206,0.));
#3941=CARTESIAN_POINT('',(-5.49999147517793,-6.56068222360206,100.));
#3942=CARTESIAN_POINT('',(-5.49999147517793,-6.56068222360206,100.));
#3943=CARTESIAN_POINT('',(-5.49999147517793,-6.56068222360206,0.));
#3944=CARTESIAN_POINT('Origin',(-5.49999147517793,-8.20002205182231,0.));
#3945=CARTESIAN_POINT('',(-5.49999147517793,-8.20002205182231,0.));
#3946=CARTESIAN_POINT('',(-5.49999147517793,-8.20002205182231,0.));
#3947=CARTESIAN_POINT('',(-5.49999147517793,-8.20002205182231,100.));
#3948=CARTESIAN_POINT('',(-5.49999147517793,-8.20002205182231,100.));
#3949=CARTESIAN_POINT('',(-5.49999147517793,-8.20002205182231,0.));
#3950=CARTESIAN_POINT('Origin',(-3.12499147517792,-8.20002205182229,0.));
#3951=CARTESIAN_POINT('',(-3.12499147517792,-8.20002205182229,0.));
#3952=CARTESIAN_POINT('',(-3.12499147517792,-8.20002205182229,0.));
#3953=CARTESIAN_POINT('',(-3.12499147517792,-8.20002205182229,100.));
#3954=CARTESIAN_POINT('',(-3.12499147517792,-8.20002205182229,100.));
#3955=CARTESIAN_POINT('',(-3.12499147517792,-8.20002205182229,0.));
#3956=CARTESIAN_POINT('Origin',(-3.12499147517791,-8.54502205182231,0.));
#3957=CARTESIAN_POINT('',(-3.12499147517791,-8.54502205182231,0.));
#3958=CARTESIAN_POINT('',(-3.12499147517791,-8.54502205182231,0.));
#3959=CARTESIAN_POINT('',(-3.12499147517791,-8.54502205182231,100.));
#3960=CARTESIAN_POINT('',(-3.12499147517791,-8.54502205182231,100.));
#3961=CARTESIAN_POINT('',(-3.12499147517791,-8.54502205182231,0.));
#3962=CARTESIAN_POINT('Origin',(-4.57999147517791,-10.0000220518223,0.));
#3963=CARTESIAN_POINT('',(-4.57999147517791,-10.0000220518223,0.));
#3964=CARTESIAN_POINT('',(-4.57999147517791,-10.0000220518223,0.));
#3965=CARTESIAN_POINT('',(-4.57999147517791,-10.0000220518223,100.));
#3966=CARTESIAN_POINT('',(-4.57999147517791,-10.0000220518223,100.));
#3967=CARTESIAN_POINT('',(-4.57999147517791,-10.0000220518223,0.));
#3968=CARTESIAN_POINT('Origin',(-9.49999147517797,-10.0000220518223,0.));
#3969=CARTESIAN_POINT('',(-9.49999147517797,-10.0000220518223,0.));
#3970=CARTESIAN_POINT('',(-9.49999147517797,-10.0000220518223,0.));
#3971=CARTESIAN_POINT('',(-9.49999147517797,-10.0000220518223,100.));
#3972=CARTESIAN_POINT('',(-9.49999147517797,-10.0000220518223,100.));
#3973=CARTESIAN_POINT('',(-9.49999147517797,-10.0000220518223,0.));
#3974=CARTESIAN_POINT('Origin',(-9.49999147517798,-9.50002205182227,0.));
#3975=CARTESIAN_POINT('',(-9.99999147517797,-9.50002205182227,0.));
#3976=CARTESIAN_POINT('Origin',(-9.49999147517798,-9.50002205182227,0.));
#3977=CARTESIAN_POINT('',(-9.99999147517797,-9.50002205182227,100.));
#3978=CARTESIAN_POINT('Origin',(-9.49999147517798,-9.50002205182227,100.));
#3979=CARTESIAN_POINT('',(-9.99999147517797,-9.50002205182227,0.));
#3980=CARTESIAN_POINT('Origin',(-9.99999147517798,-4.58002205182231,0.));
#3981=CARTESIAN_POINT('',(-9.99999147517798,-4.58002205182231,0.));
#3982=CARTESIAN_POINT('',(-9.99999147517798,-4.58002205182231,0.));
#3983=CARTESIAN_POINT('',(-9.99999147517798,-4.58002205182231,100.));
#3984=CARTESIAN_POINT('',(-9.99999147517798,-4.58002205182231,100.));
#3985=CARTESIAN_POINT('',(-9.99999147517798,-4.58002205182231,0.));
#3986=CARTESIAN_POINT('Origin',(-8.54499147517799,-3.12502205182229,0.));
#3987=CARTESIAN_POINT('',(-8.54499147517799,-3.12502205182229,0.));
#3988=CARTESIAN_POINT('',(-8.54499147517799,-3.12502205182229,0.));
#3989=CARTESIAN_POINT('',(-8.54499147517799,-3.12502205182229,100.));
#3990=CARTESIAN_POINT('',(-8.54499147517799,-3.12502205182229,100.));
#3991=CARTESIAN_POINT('',(-8.54499147517799,-3.12502205182229,0.));
#3992=CARTESIAN_POINT('Origin',(-8.19999147517797,-3.12502205182229,0.));
#3993=CARTESIAN_POINT('',(-8.19999147517797,-3.12502205182229,0.));
#3994=CARTESIAN_POINT('',(-8.19999147517797,-3.12502205182229,0.));
#3995=CARTESIAN_POINT('',(-8.19999147517797,-3.12502205182229,100.));
#3996=CARTESIAN_POINT('',(-8.19999147517797,-3.12502205182229,100.));
#3997=CARTESIAN_POINT('',(-8.19999147517797,-3.12502205182229,0.));
#3998=CARTESIAN_POINT('Origin',(-8.199991475178,-5.50002205182229,0.));
#3999=CARTESIAN_POINT('',(-8.199991475178,-5.50002205182229,0.));
#4000=CARTESIAN_POINT('',(-8.199991475178,-5.50002205182229,0.));
#4001=CARTESIAN_POINT('',(-8.199991475178,-5.50002205182229,100.));
#4002=CARTESIAN_POINT('',(-8.199991475178,-5.50002205182229,100.));
#4003=CARTESIAN_POINT('',(-8.199991475178,-5.50002205182229,0.));
#4004=CARTESIAN_POINT('Origin',(-6.56065164695771,-5.50002205182229,0.));
#4005=CARTESIAN_POINT('',(-6.56065164695771,-5.50002205182229,0.));
#4006=CARTESIAN_POINT('',(-6.56065164695771,-5.50002205182229,0.));
#4007=CARTESIAN_POINT('',(-6.56065164695771,-5.50002205182229,100.));
#4008=CARTESIAN_POINT('',(-6.56065164695771,-5.50002205182229,100.));
#4009=CARTESIAN_POINT('',(-6.56065164695771,-5.50002205182229,0.));
#4010=CARTESIAN_POINT('Origin',(-3.89999147517798,-2.83936188004249,0.));
#4011=CARTESIAN_POINT('',(-3.89999147517798,-2.83936188004249,0.));
#4012=CARTESIAN_POINT('',(-3.89999147517798,-2.83936188004249,0.));
#4013=CARTESIAN_POINT('',(-3.89999147517798,-2.83936188004249,100.));
#4014=CARTESIAN_POINT('',(-3.89999147517798,-2.83936188004249,100.));
#4015=CARTESIAN_POINT('',(-3.89999147517798,-2.83936188004249,0.));
#4016=CARTESIAN_POINT('Origin',(-3.89999147517798,-0.210022051822267,0.));
#4017=CARTESIAN_POINT('',(-3.89999147517798,-0.210022051822267,0.));
#4018=CARTESIAN_POINT('',(-3.89999147517798,-0.210022051822267,0.));
#4019=CARTESIAN_POINT('',(-3.89999147517798,-0.210022051822267,100.));
#4020=CARTESIAN_POINT('',(-3.89999147517798,-0.210022051822267,100.));
#4021=CARTESIAN_POINT('',(-3.89999147517798,-0.210022051822267,0.));
#4022=CARTESIAN_POINT('Origin',(-3.68999147517798,-2.20518222748822E-5,
0.));
#4023=CARTESIAN_POINT('',(-3.68999147517798,-2.20518222748822E-5,0.));
#4024=CARTESIAN_POINT('',(-3.68999147517798,-2.20518222748822E-5,0.));
#4025=CARTESIAN_POINT('',(-3.68999147517798,-2.20518222748822E-5,100.));
#4026=CARTESIAN_POINT('',(-3.68999147517798,-2.20518222748822E-5,100.));
#4027=CARTESIAN_POINT('',(-3.68999147517798,-2.20518222748822E-5,0.));
#4028=CARTESIAN_POINT('Origin',(-3.89999147517798,0.209977948177728,0.));
#4029=CARTESIAN_POINT('',(-3.89999147517798,0.209977948177728,0.));
#4030=CARTESIAN_POINT('',(-3.89999147517798,0.209977948177728,0.));
#4031=CARTESIAN_POINT('',(-3.89999147517798,0.209977948177728,100.));
#4032=CARTESIAN_POINT('',(-3.89999147517798,0.209977948177728,100.));
#4033=CARTESIAN_POINT('',(-3.89999147517798,0.209977948177728,0.));
#4034=CARTESIAN_POINT('Origin',(-3.89999147517798,2.83931777639796,0.));
#4035=CARTESIAN_POINT('',(-3.89999147517798,2.83931777639796,0.));
#4036=CARTESIAN_POINT('',(-3.89999147517798,2.83931777639796,100.));
#4037=CARTESIAN_POINT('Origin',(8.52482202329252E-6,-2.20518222932009E-5,
100.));
#4038=CARTESIAN_POINT('Origin',(8.52482202329252E-6,-2.20518222932009E-5,
0.));
#4039=CARTESIAN_POINT('',(34.315684287257,13.2591759583493,-29.9196900410015));
#4040=CARTESIAN_POINT('',(34.315684287257,13.2591759583493,-28.4196900410015));
#4041=CARTESIAN_POINT('',(34.315684287257,13.2591759583493,-39.9196900410015));
#4042=CARTESIAN_POINT('',(34.315684287257,-19.7408240416507,-34.9196900410015));
#4043=CARTESIAN_POINT('',(84.815684287257,-30.7408019898284,-34.9196900410015));
#4044=UNCERTAINTY_MEASURE_WITH_UNIT(LENGTH_MEASURE(0.01),#4058,
'DISTANCE_ACCURACY_VALUE',
'Maximum model space distance between geometric entities at asserted c
onnectivities');
#4045=UNCERTAINTY_MEASURE_WITH_UNIT(LENGTH_MEASURE(0.01),#4058,
'DISTANCE_ACCURACY_VALUE',
'Maximum model space distance between geometric entities at asserted c
onnectivities');
#4046=UNCERTAINTY_MEASURE_WITH_UNIT(LENGTH_MEASURE(0.01),#4058,
'DISTANCE_ACCURACY_VALUE',
'Maximum model space distance between geometric entities at asserted c
onnectivities');
#4047=UNCERTAINTY_MEASURE_WITH_UNIT(LENGTH_MEASURE(0.01),#4058,
'DISTANCE_ACCURACY_VALUE',
'Maximum model space distance between geometric entities at asserted c
onnectivities');
#4048=UNCERTAINTY_MEASURE_WITH_UNIT(LENGTH_MEASURE(0.01),#4058,
'DISTANCE_ACCURACY_VALUE',
'Maximum model space distance between geometric entities at asserted c
onnectivities');
#4049=UNCERTAINTY_MEASURE_WITH_UNIT(LENGTH_MEASURE(0.01),#4058,
'DISTANCE_ACCURACY_VALUE',
'Maximum model space distance between geometric entities at asserted c
onnectivities');
#4050=UNCERTAINTY_MEASURE_WITH_UNIT(LENGTH_MEASURE(0.01),#4058,
'DISTANCE_ACCURACY_VALUE',
'Maximum model space distance between geometric entities at asserted c
onnectivities');
#4051=(
GEOMETRIC_REPRESENTATION_CONTEXT(3)
GLOBAL_UNCERTAINTY_ASSIGNED_CONTEXT((#4044))
GLOBAL_UNIT_ASSIGNED_CONTEXT((#4058,#4060,#4061))
REPRESENTATION_CONTEXT('','3D')
);
#4052=(
GEOMETRIC_REPRESENTATION_CONTEXT(3)
GLOBAL_UNCERTAINTY_ASSIGNED_CONTEXT((#4045))
GLOBAL_UNIT_ASSIGNED_CONTEXT((#4058,#4060,#4061))
REPRESENTATION_CONTEXT('','3D')
);
#4053=(
GEOMETRIC_REPRESENTATION_CONTEXT(3)
GLOBAL_UNCERTAINTY_ASSIGNED_CONTEXT((#4046))
GLOBAL_UNIT_ASSIGNED_CONTEXT((#4058,#4060,#4061))
REPRESENTATION_CONTEXT('','3D')
);
#4054=(
GEOMETRIC_REPRESENTATION_CONTEXT(3)
GLOBAL_UNCERTAINTY_ASSIGNED_CONTEXT((#4047))
GLOBAL_UNIT_ASSIGNED_CONTEXT((#4058,#4060,#4061))
REPRESENTATION_CONTEXT('','3D')
);
#4055=(
GEOMETRIC_REPRESENTATION_CONTEXT(3)
GLOBAL_UNCERTAINTY_ASSIGNED_CONTEXT((#4048))
GLOBAL_UNIT_ASSIGNED_CONTEXT((#4058,#4060,#4061))
REPRESENTATION_CONTEXT('','3D')
);
#4056=(
GEOMETRIC_REPRESENTATION_CONTEXT(3)
GLOBAL_UNCERTAINTY_ASSIGNED_CONTEXT((#4049))
GLOBAL_UNIT_ASSIGNED_CONTEXT((#4058,#4060,#4061))
REPRESENTATION_CONTEXT('','3D')
);
#4057=(
GEOMETRIC_REPRESENTATION_CONTEXT(3)
GLOBAL_UNCERTAINTY_ASSIGNED_CONTEXT((#4050))
GLOBAL_UNIT_ASSIGNED_CONTEXT((#4058,#4060,#4061))
REPRESENTATION_CONTEXT('','3D')
);
#4058=(
LENGTH_UNIT()
NAMED_UNIT(*)
SI_UNIT(.MILLI.,.METRE.)
);
#4059=(
LENGTH_UNIT()
NAMED_UNIT(*)
SI_UNIT(.CENTI.,.METRE.)
);
#4060=(
NAMED_UNIT(*)
PLANE_ANGLE_UNIT()
SI_UNIT($,.RADIAN.)
);
#4061=(
NAMED_UNIT(*)
SI_UNIT($,.STERADIAN.)
SOLID_ANGLE_UNIT()
);
#4062=SHAPE_DEFINITION_REPRESENTATION(#4068,#4079);
#4063=SHAPE_DEFINITION_REPRESENTATION(#4069,#4080);
#4064=SHAPE_DEFINITION_REPRESENTATION(#4070,#4081);
#4065=SHAPE_DEFINITION_REPRESENTATION(#4071,#4082);
#4066=SHAPE_DEFINITION_REPRESENTATION(#4072,#4083);
#4067=SHAPE_DEFINITION_REPRESENTATION(#4073,#4084);
#4068=PRODUCT_DEFINITION_SHAPE('',$,#4086);
#4069=PRODUCT_DEFINITION_SHAPE('',$,#4087);
#4070=PRODUCT_DEFINITION_SHAPE('',$,#4088);
#4071=PRODUCT_DEFINITION_SHAPE('',$,#4089);
#4072=PRODUCT_DEFINITION_SHAPE('',$,#4090);
#4073=PRODUCT_DEFINITION_SHAPE('',$,#4091);
#4074=PRODUCT_DEFINITION_SHAPE($,$,#26);
#4075=PRODUCT_DEFINITION_SHAPE($,$,#27);
#4076=PRODUCT_DEFINITION_SHAPE($,$,#28);
#4077=PRODUCT_DEFINITION_SHAPE($,$,#29);
#4078=PRODUCT_DEFINITION_SHAPE($,$,#30);
#4079=SHAPE_REPRESENTATION('',(#2568,#2726,#2727,#2728,#2729,#2730),#4051);
#4080=SHAPE_REPRESENTATION('',(#2569),#4052);
#4081=SHAPE_REPRESENTATION('',(#2576),#4053);
#4082=SHAPE_REPRESENTATION('',(#2583),#4054);
#4083=SHAPE_REPRESENTATION('',(#2620),#4055);
#4084=SHAPE_REPRESENTATION('',(#2644),#4056);
#4085=PRODUCT_DEFINITION_CONTEXT('part definition',#4105,'design');
#4086=PRODUCT_DEFINITION('Assembly1','Assembly1',#4092,#4085);
#4087=PRODUCT_DEFINITION('PCB','PCB',#4093,#4085);
#4088=PRODUCT_DEFINITION('SMA','SMA',#4094,#4085);
#4089=PRODUCT_DEFINITION('housingPCB','housingPCB',#4095,#4085);
#4090=PRODUCT_DEFINITION('perfil-housing','perfil-housing',#4096,#4085);
#4091=PRODUCT_DEFINITION('viga20x20','viga20x20',#4097,#4085);
#4092=PRODUCT_DEFINITION_FORMATION('',$,#4107);
#4093=PRODUCT_DEFINITION_FORMATION('',$,#4108);
#4094=PRODUCT_DEFINITION_FORMATION('',$,#4109);
#4095=PRODUCT_DEFINITION_FORMATION('',$,#4110);
#4096=PRODUCT_DEFINITION_FORMATION('',$,#4111);
#4097=PRODUCT_DEFINITION_FORMATION('',$,#4112);
#4098=PRODUCT_RELATED_PRODUCT_CATEGORY('Assembly1','Assembly1',(#4107));
#4099=PRODUCT_RELATED_PRODUCT_CATEGORY('PCB','PCB',(#4108));
#4100=PRODUCT_RELATED_PRODUCT_CATEGORY('SMA','SMA',(#4109));
#4101=PRODUCT_RELATED_PRODUCT_CATEGORY('housingPCB','housingPCB',(#4110));
#4102=PRODUCT_RELATED_PRODUCT_CATEGORY('perfil-housing',
'perfil-housing',(#4111));
#4103=PRODUCT_RELATED_PRODUCT_CATEGORY('viga20x20','viga20x20',(#4112));
#4104=APPLICATION_PROTOCOL_DEFINITION('international standard',
'automotive_design',2009,#4105);
#4105=APPLICATION_CONTEXT(
'Core Data for Automotive Mechanical Design Process');
#4106=PRODUCT_CONTEXT('part definition',#4105,'mechanical');
#4107=PRODUCT('Assembly1','Assembly1',$,(#4106));
#4108=PRODUCT('PCB','PCB',$,(#4106));
#4109=PRODUCT('SMA','SMA',$,(#4106));
#4110=PRODUCT('housingPCB','housingPCB',$,(#4106));
#4111=PRODUCT('perfil-housing','perfil-housing',$,(#4106));
#4112=PRODUCT('viga20x20','viga20x20',$,(#4106));
ENDSEC;
END-ISO-10303-21;
